-- phpMyAdmin SQL Dump
-- version 4.7.6
-- https://www.phpmyadmin.net/
--
-- Servidor: 127.0.0.1
-- Tiempo de generación: 06-06-2018 a las 04:37:07
-- Versión del servidor: 10.1.28-MariaDB
-- Versión de PHP: 7.1.11

SET SQL_MODE = "NO_AUTO_VALUE_ON_ZERO";
SET AUTOCOMMIT = 0;
START TRANSACTION;
SET time_zone = "+00:00";


/*!40101 SET @OLD_CHARACTER_SET_CLIENT=@@CHARACTER_SET_CLIENT */;
/*!40101 SET @OLD_CHARACTER_SET_RESULTS=@@CHARACTER_SET_RESULTS */;
/*!40101 SET @OLD_COLLATION_CONNECTION=@@COLLATION_CONNECTION */;
/*!40101 SET NAMES utf8mb4 */;

--
-- Base de datos: `dbppi`
--
CREATE DATABASE IF NOT EXISTS `dbppi` DEFAULT CHARACTER SET utf8 COLLATE utf8_unicode_ci;
USE `dbppi`;

-- --------------------------------------------------------

--
-- Estructura de tabla para la tabla `tblanexosproveedores`
--

CREATE TABLE `tblanexosproveedores` (
  `nitproveedor` varchar(17) CHARACTER SET utf8 COLLATE utf8_spanish2_ci NOT NULL,
  `archivocedula` binary(200) NOT NULL,
  `destinatarioanexocedula` varchar(55) COLLATE utf8_unicode_ci NOT NULL,
  `archivorut` binary(200) NOT NULL,
  `destinatarioanexorut` varchar(55) COLLATE utf8_unicode_ci NOT NULL,
  `archivocamaracomercio` binary(200) NOT NULL,
  `destinarioanexocamaracomercio` varchar(55) COLLATE utf8_unicode_ci NOT NULL,
  `archivocertificacionbancaria` binary(200) NOT NULL,
  `destinatarioanexocertificacionbancaria` varchar(55) COLLATE utf8_unicode_ci NOT NULL,
  `archivootro` binary(200) NOT NULL,
  `anexodestinatariootro` varchar(55) COLLATE utf8_unicode_ci NOT NULL
) ENGINE=InnoDB DEFAULT CHARSET=utf8 COLLATE=utf8_unicode_ci;

-- --------------------------------------------------------

--
-- Estructura de tabla para la tabla `tblcontroldescargaanexos`
--

CREATE TABLE `tblcontroldescargaanexos` (
  `idcontrolentrega` int(10) NOT NULL,
  `usuario` varchar(60) CHARACTER SET utf8 COLLATE utf8_spanish2_ci NOT NULL,
  `fechaentrega` date NOT NULL,
  `idtipoanexo` int(3) NOT NULL,
  `documentoempleado` varchar(15) COLLATE utf8_unicode_ci NOT NULL,
  `idmedioentrega` int(3) NOT NULL
) ENGINE=InnoDB DEFAULT CHARSET=utf8 COLLATE=utf8_unicode_ci;

-- --------------------------------------------------------

--
-- Estructura de tabla para la tabla `tbldepartamentos`
--

CREATE TABLE `tbldepartamentos` (
  `iddepartamento` int(2) NOT NULL,
  `departamento` varchar(30) CHARACTER SET utf8 COLLATE utf8_spanish2_ci NOT NULL DEFAULT ''
) ENGINE=InnoDB DEFAULT CHARSET=utf8mb4;

--
-- Volcado de datos para la tabla `tbldepartamentos`
--

INSERT INTO `tbldepartamentos` (`iddepartamento`, `departamento`) VALUES
(5, 'ANTIOQUIA'),
(8, 'ATLÁNTICO'),
(11, 'BOGOTÁ, D.C.'),
(13, 'BOLÍVAR'),
(15, 'BOYACÁ'),
(17, 'CALDAS'),
(18, 'CAQUETÁ'),
(19, 'CAUCA'),
(20, 'CESAR'),
(23, 'CÓRDOBA'),
(25, 'CUNDINAMARCA'),
(27, 'CHOCÓ'),
(41, 'HUILA'),
(44, 'LA GUAJIRA'),
(47, 'MAGDALENA'),
(50, 'META'),
(52, 'NARIÑO'),
(54, 'NORTE DE SANTANDER'),
(63, 'QUINDIO'),
(66, 'RISARALDA'),
(68, 'SANTANDER'),
(70, 'SUCRE'),
(73, 'TOLIMA'),
(76, 'VALLE DEL CAUCA'),
(81, 'ARAUCA'),
(85, 'CASANARE'),
(86, 'PUTUMAYO'),
(88, 'ARCHIPIÉLAGO DE SAN ANDRÉS, PR'),
(91, 'AMAZONAS'),
(94, 'GUAINÍA'),
(95, 'GUAVIARE'),
(97, 'VAUPÉS'),
(99, 'VICHADA');

-- --------------------------------------------------------

--
-- Estructura de tabla para la tabla `tblempleados`
--

CREATE TABLE `tblempleados` (
  `documentoempleado` varchar(15) CHARACTER SET utf8 COLLATE utf8_spanish2_ci NOT NULL,
  `idtipodocumento` int(2) NOT NULL,
  `nombreempleado` varchar(30) NOT NULL,
  `apellidoempleado` varchar(30) NOT NULL,
  `nitempresa` int(15) NOT NULL,
  `correopersonal` varchar(40) NOT NULL,
  `telefono` varchar(15) NOT NULL,
  `direccion` varchar(30) NOT NULL,
  `barrio` varchar(30) NOT NULL,
  `idmunicipioresidencia` int(6) NOT NULL,
  `idestado` int(1) NOT NULL
) ENGINE=InnoDB DEFAULT CHARSET=utf8;

--
-- Volcado de datos para la tabla `tblempleados`
--

INSERT INTO `tblempleados` (`documentoempleado`, `idtipodocumento`, `nombreempleado`, `apellidoempleado`, `nitempresa`, `correopersonal`, `telefono`, `direccion`, `barrio`, `idmunicipioresidencia`, `idestado`) VALUES
('1001020891', 3, ' Glery Maritza', 'Sanchez Carmona', 900941651, '', '3106811898', 'Carepa', '', 165, 1),
('1001023226', 3, 'Jhon Jader ', 'Muñoz ', 900941651, '', '3217570190', 'Calle 97 No 89 - 101', 'pueblo nuevo', 45, 3),
('1001023404', 3, 'Jose Elias', 'Velasquez Mena ', 900941651, '', '3217199438', 'Mzn 172 Casa 17 ', 'Obrero', 45, 3),
('1001576394', 3, 'Jhon jader', 'Chavez Becerra ', 900941651, '', '3216470884', 'Cra 95b Nº 40', 'La playa', 190, 3),
('1001595687', 3, 'Victor', 'Caballero Diaz ', 900941651, '', '', 'Cra 64 N°70', 'Acaidana 1', 165, 3),
('1003099853', 3, 'Deimer jose ', 'Genez Perez', 8399051, '', '3206437546', 'calle 91 #91-43 b', 'Parroquial', 45, 1),
('1003467505', 3, 'Juan David', 'Oviedo Ayala ', 900941651, '', '3136303019', 'cra 86b N °98-63', 'El Bosque', 190, 3),
('1003721636', 3, 'Leider David ', 'Martinez Acevedo ', 900941651, '', '3215335592', 'Vereda el Copete', '', 1017, 3),
('1007131275', 3, 'Jose Alberto ', 'Duran Lobo', 900941651, '', '3104082616', '', 'turbo', 1017, 1),
('1007131656', 3, 'Migdonio ', 'Valderrama Cordoba ', 900941651, '', '3106767176', 'Sin nomenclatura', 'las malvinas', 1017, 3),
('1007312836', 3, 'Katerine ', 'Garcia Mena ', 8399051, '', '3234853782', 'calle 98 n° 98- 08 ', 'Fundadores ', 45, 1),
('1007313441', 3, ' Yoiser Jose', 'Mestra Lopez', 900941651, '', '3007612818', 'Cll 97 Cra 93', 'La esmeralda', 45, 3),
('1007339599', 3, 'Wilder Antonio', 'Varelas Sepulveda ', 900941651, '', '3108400073', '', 'Playita', 190, 3),
('1015448250', 3, 'Luis angel ', 'Murillo Moreno', 8399051, '', '3224434683', 'calle 88 cra 99 #98-77 ', 'el bosque', 190, 3),
('10170160430', 3, 'Diana Marcela ', 'Cardenas Chaverra ', 8399051, '', '3006940761', 'Calle 33 No 41a ', 'Gabriela ', 547, 3),
('1020421962', 3, ' María Isabel ', 'Lenis Zapata', 900941651, '', '', 'Cra 44  No 17 sur  -  40', '', 547, 3),
('1020450437', 3, 'Milena Andrea ', 'Osorio Zapata ', 900941651, '', '', 'Cra 59 No 53 - 20', 'Obrero', 91, 3),
('1027941604', 3, 'Luis Alfredo ', 'Arteaga Yanez', 900941651, '', '3126762149', 'Bloque 3 Manzana 178 casa 11', 'Obrero', 45, 3),
('1027944786', 3, ' Javier', 'Acuña Alvarez', 900941651, '', '3134700077', 'Cll 102 Cra 79', 'Policarpa', 45, 3),
('1027946774', 3, ' Nestor Ivan', 'Hinestroza Palacio', 900941651, '', '3145481797', 'Manzana 196 Casa 11', 'Obrero', 45, 3),
('1027950389', 3, 'Deicy', 'Quinto Cordoba ', 900941651, '', '3216645025', 'Cll 100 N° 08-10', 'Antonio Roldan', 45, 3),
('1027951332', 3, 'William Fernando', 'Mosquera Castro ', 900941651, '', '3217417528', 'Cra 94 Casa 97-18', 'La esmeralda', 45, 3),
('1027951486', 3, 'Jhony Alexander ', 'Sanabria Roman', 8399051, '', '302599202', 'manzana 186 casa 3', 'obrero', 45, 3),
('1027953999', 3, ' Leisy Liliana', 'Murillo Murillo', 900941651, '', '3148604929', 'Mzn 146 Casa 4 ', '', 45, 3),
('1027954159', 3, 'Edgar Andres ', 'Borja Puerta ', 8399051, '', '3046697679', 'calle 102d #79-16 ', 'Diana cardona', 45, 1),
('1027954327', 3, ' Wilder Andres', 'Florez Murillo', 900941651, '', '3218321322', 'Cr 65C Cll 83-23 ', 'Jardin', 165, 3),
('1027954330', 3, 'Jorge Eliecer', 'Ibarguen Genes ', 900941651, '', '3108304210 - 31', 'Cra 97 Calle 111 ', 'Obrero', 45, 3),
('1027954387', 3, 'Cristian Rodrigo ', 'Chaverra Arroyave', 900941651, '', '3215398813', 'Clle 101 b No 80c - 14', 'Alborada', 45, 3),
('1027954444', 3, ' Francisco Wilder', 'Avila Rivera', 900941651, '', '3007104498', '', '20 de Enero', 45, 3),
('1027960987', 3, ' Jhonatan', 'Caraballo Atencio', 900941651, '', '3127905868', 'Cll 102 B Cra 75', 'Obrero', 45, 3),
('1027962083', 3, 'Yuber Antonio', 'Martinez Perea', 8399051, '', '3147981769', 'calle 102 #77 a 24 Q', 'policarpa', 45, 1),
('1027962319', 3, 'Mauricio', 'Betancur Cavadia ', 900941651, '', '3107227630', 'Calle 97 N°91-29', 'Pueblo Nuevo', 45, 3),
('1027965703', 3, ' Deimer Antonio', 'Galeano Petro', 900941651, '', '3114050469', 'Cra 76 N° 103 ', 'La paz', 45, 3),
('1027966732', 3, 'victor alfonso', 'suarez peña', 8399051, 'victorsocial-2012@hotmail.com', '3113718547', '', 'santillana', 165, 1),
('1027966892', 3, ' Juan David', 'Castellano Toro', 900941651, '', '3105049044', '', 'El Salvador', 45, 3),
('1027998261', 3, 'Ibel Jose', ' Teran Cortes ', 900941651, '', '3137419073', 'Cra 64 calle 3 No 102 - 42', ' el concejo', 45, 3),
('1028002536', 3, 'Wilmar ', 'Guerrero Fernandez', 900941651, '', '3103771785', 'Calle 52 No 65 - 41 ', '20 julio', 1017, 3),
('1028003334', 3, ' Edinson Alberto', 'Londoño Muñoz', 900941651, '', '3217483415', '', 'La Paz', 45, 3),
('1028004356', 3, 'Hernando ', 'Calderon  Sanchez', 900941651, '', '3122882397', 'Manzana 71 casa 18 Bloque 2', 'Obrero', 45, 3),
('1028005024', 3, ' Miguel Ernesto', 'Diaz Borja', 900941651, '', '3217288651', 'Calle 100C No 75 - 12 ', '20 de Enero', 45, 3),
('1028009838', 3, 'Esneider ', 'Martines Hoyos ', 900941651, '', '3135187879', 'Manzana  No 193 casa No 6', 'Obrero', 45, 3),
('1028010906', 3, ' Jose Antonio', 'Usuga Ochoa', 900941651, '', '3217280068', 'Manzana B Casa 26', 'Porvenir', 45, 3),
('1028012543', 3, ' Jhonatan', 'Valencia Mena', 900941651, '', '3143643983', 'Cll 103 Cra 78b ', 'La Paz', 45, 3),
('1028016659', 3, 'Neder Antonio', 'Suarez Urango ', 900941651, '', '3217937316', 'Cll 103 Cra 78b ', ' La paz', 45, 3),
('1028016812', 3, 'Luisa fernanda ', 'Gomez Miranda ', 8399051, '', '3106396434', 'cra 106 # 106 -33', 'centro', 45, 1),
('1028017173', 3, 'James Javier', 'Romero Ibañez ', 900941651, '', '3215628780', 'BQ3 MZ200 C23', 'Obrero', 45, 3),
('1028017586', 3, 'Jose Francisco ', 'Gonzalez Melendez ', 900941651, '', '3147668370', 'cra 7 Calle 109 ', 'Santa Fe', 1017, 3),
('1028017964', 3, 'Nelson Enrique', 'Rojas Durango ', 900941651, '', '3116323817', '', ' pueblo nuevo', 45, 3),
('1028018813', 3, 'Miguel Angel ', 'Cavadia Negrete', 8399051, '', '3106392200', 'cra 98 calle 97 #106', 'Simon bolivar', 190, 1),
('1028019167', 3, 'Fredys', 'Mosquera Martinez', 900941651, '', '3147307512', 'Calle 99 No 86B-52', 'Idem', 45, 3),
('1028019633', 3, 'Hernando Javier ', 'Geles Lara ', 900941651, '', '3135656168', 'corregimiento el tres ', '', 1017, 1),
('1028019994', 3, 'Jhonatan Stiven', 'Caicedo Mosquera ', 900941651, '', '3215263540', 'BQ2 MZ83 C12', 'Obrero', 45, 3),
('1028020632', 3, 'Carlos Obed ', 'Machado Burgos ', 900941651, '', '3207145876', '', 'El salvador', 45, 3),
('1028020678', 3, 'Tulio Fernando ', 'Borja Hernandez', 8399051, '', '3136750502', ' calle 101b cra 75 ', '20 de enero ', 45, 1),
('1028021654', 3, ' Jorge Enrique', 'Ramos Lopez', 900941651, '', '3128448197', 'MZ11 C3', 'El Porvenir', 45, 3),
('1028022034', 3, 'Cindy Paola', 'Hernandez Hernandez ', 900941651, '', '3135470080', 'Cra 52', 'Primero de Mayo', 1017, 3),
('1028022629', 3, 'Hannier Andres ', 'cuesta Hinestroza', 900941651, '', '3225466510', 'calle 55 # 56a 03 ', 'la esperanza', 1017, 1),
('1028022655', 3, ' Jose David ', 'Perea Mosquera', 900941651, '', '3113863996', 'Bloque 1 manz 137 Casa 13', 'Obrero', 45, 3),
('1028023057', 3, ' Jorge Luis', 'Diaz Blandon', 900941651, '', '3146925150', 'mzn 193 casa 10', 'Obrero', 45, 3),
('1028023811', 3, 'Osneider ', 'Banda Lyons ', 8399051, '', '3042464274', 'Mz 83 casa 12 ', 'obrero', 45, 3),
('1028024451', 3, 'Jimmy', 'Suaza Parra', 8399051, '', '3122306151', 'calle 91 #91-87', 'Parroquial', 45, 1),
('1028027532', 3, ' Argenis Alberto', 'Iriarte Benitez', 900941651, '', '3136329203', '', 'Vereda San Martin', 45, 3),
('1028028774', 3, 'Nelson Enrique ', 'Ramirez Romero', 8399051, '', '3103768130', 'bloque #1 casa 29 manzana 34', 'obrero', 45, 1),
('1028029838', 3, 'Jesus David ', 'Murillo Heredia', 900941651, '', '3216407943', 'Cra 77B Calle 113 N°104-03', '', 45, 3),
('1028031241', 3, 'jose Brayan ', 'Bustamante Blandon ', 8399051, '', '3003016050', 'Sin Nomenclatura', 'El concejo', 45, 1),
('1028033046', 3, 'Laura Isabel ', 'Zapata Rivera', 8399051, '', '3104514564', 'Diagonal 101a N° 106c- 95', 'Los pinos', 45, 1),
('1028037879', 3, 'Andres Felipe', 'Pineda Cardenas', 900941651, '', '3157078368', '', 'El salvador', 45, 1),
('1036668104', 3, 'Elizabeth ', 'Giraldo Noreña ', 900941651, '', '3105504081', 'calle 92 N°91-64', 'parroquial', 45, 1),
('1036926976', 3, 'Carlos Ivan', 'Henao Cardona ', 900941651, '', '3103639511', 'Calle 94 N°94-90', 'Pueblo Nuevo', 45, 3),
('1038107393', 3, 'Jairo Alonso ', 'Peralta Macea', 900941651, '', '3114158806', 'calle95 ', 'Fundadores ', 45, 1),
('1038114425', 3, 'milton Ucdey ', 'Paniagua Hernandez ', 8399051, '', '3135679368', 'bloque 2 mz 2 #169 casa 7', 'obrero', 45, 1),
('1038796976', 3, ' Franklin', 'Florez Díaz', 900941651, '', '3148013552', 'Cra 87 c Cra 99a Nº 99-30', '', 190, 3),
('1038798614', 3, ' Muhaman Shamir', 'Chaquerez', 8399051, '', '3105202062', 'Cra 105 N° 103-34', '', 190, 3),
('1038799343', 3, ' Helder Farley ', 'Pulgarin Sepulveda', 900941651, '', '3122673355', 'Cra 11 No 12 - 23', 'Mutata', 585, 3),
('1038800446', 3, 'luis eduardo ', 'Davila Durango', 8399051, '', '3135776236', 'cra 85 Cale 97a', '', 190, 1),
('1038801826', 3, 'Victor Alfonso', 'Davila Durango ', 900941651, '', '3126800915', 'Cra 98 Cll 86 N°98-31', 'El Bosque', 190, 3),
('1038802950', 3, 'Jesus Emilio', 'Ramirez Hernandez', 8399051, '', '3113865667', 'calle 86b #96-17', 'el bosque', 190, 1),
('1038803422', 3, 'wilson javier ', 'Tordecilla Lopez ', 8399051, '', '3146542826', 'bloque 4 manzana 47', 'obrero', 45, 1),
('1038803498', 1, 'Geifer ', 'Rivas  Palacio', 8399051, '', '3182448238', 'calle 88 cra 99 #98-77 ', 'el bosque', 190, 3),
('1038806137', 3, ' Alvaro Javier', 'Garcia Diaz', 900941651, '', '3216395581', 'Cra 99 Cll 86a N° 98-75', '', 190, 3),
('1038807278', 3, ' Jorge Luis', 'Gonzalez Torres', 900941651, '', '3203676663', 'Cra 103 Cll 85a N° 103-45', '', 190, 3),
('1038809577', 3, 'Oscar Daniel ', 'Rivas ', 900941651, '', '3122107838', 'cra 101 N° 84a-22', '', 190, 3),
('1038812301', 3, 'Cristian Camilo', 'Ramos Chica ', 900941651, '', '3108164157', 'Cll 87b N° 96-58', 'El Bosque', 190, 3),
('1038818123', 3, ' Jarry Estid', 'Arbelaez', 900941651, '', '3122536696', 'Calle 87 N°9445', 'Castellana', 190, 3),
('1038818670', 3, 'Victor Alexander ', 'Robledo Martinez', 8399051, '', '3234922831', 'calle 96 #90b-19', 'guayabal', 190, 1),
('1038818921', 3, 'Giuston Andres ', 'Diaz Medina', 8399051, '', '3506170455', 'calle 87105-40', 'Paraiso', 190, 1),
('1038819450', 3, 'Angel Duban', 'Vargas Pulgarin', 8399051, '', '3135960324', '', 'camilo torres', 190, 1),
('1039081193', 3, ' Jorge Luis', 'Cuadrado Pinto', 900941651, '', '3146366454', '', ' trapiche', 1, 3),
('1039086546', 3, 'Leonel ', 'Suarez Lopez', 8399051, '', '3126638608', 'call 101 #74b11 ', '20 de enero ', 45, 3),
('1039089672', 3, 'Jair de Jesus', 'Anaya Perez ', 900941651, '', '3217189290', 'Corregimineto Rio Grande', 'San Luis', 1017, 3),
('1039696675', 3, 'Jheiler ', 'Periñan Ravel', 8399051, '', '3127761290', 'manzana 47 casa 25', 'obrero', 45, 1),
('1040351011', 3, 'Alirio', 'Varela Puerta ', 900941651, '', '3104543635', 'Calle 73 N°64-12', 'Acaidana 1', 165, 3),
('1040352742', 3, ' Henry', 'Martinez Palacios', 900941651, '', '3217226923', ' Crr 65 #69A 08', 'Los Parques', 165, 3),
('1040352748', 3, 'Jhon Ferley ', 'Zabala Rodriguez ', 8399051, '', '3046267047', 'cra 67 #85-12', 'el playon', 165, 1),
('1040356518', 3, ' Juan Carlos', 'Mercado Urueta', 900941651, '', '3216558506', 'Cra 14 Calle 112 N° 98-112', '', 1017, 3),
('1040358252', 3, 'Yimmi alexander', 'Zapata Higuita ', 900941651, '', '3147968635', '', 'Vereda el rodadero', 190, 3),
('1040358572', 3, 'Ronald Exediel ', 'moreno castañeda', 8399051, '', '3113381887', 'calle 82 N 72-11', '', 165, 1),
('1040358594', 3, 'Jeider ', 'Gomez Reyes', 8399051, '', '3233485072', '', 'camilo torres', 190, 3),
('1040360032', 3, 'Wilber', 'Martinez Valencia ', 900941651, '', '3122266980', '', 'Obrero', 45, 3),
('1040360484', 3, 'anderson steven', 'paniagua tobon ', 8399051, '', '3114558174', 'cra 66 #100-84', 'El concejo', 45, 1),
('10403633329', 3, ' Dario', 'Mestra Gonzalez', 900941651, '', '3205624725', 'Calle 106 Cra 75', '20 de Enero', 45, 3),
('1040363759', 3, ' Juan Esteban', 'Higuita Rios ', 900941651, '', '3218290206', 'Calle 104b Casa 101-17', 'Nueva Civilizacion', 45, 3),
('1040364322', 3, 'Yeifer Antonio', 'Palacios Cardona', 8399051, '', '3135391872', '', 'san marino', 165, 1),
('1040365735', 3, ' Cristian David', 'Murillo Moreno', 900941651, '', '3216249796', '', 'Gaitan', 165, 3),
('1040366304', 3, 'Francisco Eduardo', 'Padilla  Ibarguen', 900941651, '', '3205819522', 'Cra 67 No 85 - 23', 'Gaitan ', 165, 3),
('1040367014', 3, 'Deison', 'Gomez Reyes ', 900941651, '', '', 'Cra 65d Nº 72-23 ', 'Los Parques', 165, 3),
('1040367476', 3, 'jhon jarry', 'Martinez Bejarano', 8399051, '', '', 'cra 83A #66-24', 'san marino', 165, 1),
('1040370063', 3, ' Donis ', 'Velasquez Gil', 900941651, '', '3112487647', 'Nuevo Jerusalen', '', 165, 3),
('1040371471', 3, 'Jose Francisco ', 'Martinez Llanos', 900941651, '', '3217953306', 'Calle 78', 'El Bosque', 190, 3),
('1040372571', 3, ' Cristian Camilo', 'Lopez Lozano', 900941651, '', '3113742019', 'Cra 72 N°81-23', '12 de octubre', 165, 3),
('1040373177', 3, 'Jair', 'Chala Beltran ', 900941651, '', '3207797516', '', 'El Milagro', 165, 3),
('1040373524', 3, 'Jose Daniel ', 'Zapata Rodriguez ', 8399051, '', '3104703389', '', 'Brisas de uraba', 190, 1),
('1040374483', 3, 'Yeisson Andres ', 'Goez Ibarra ', 8399051, '', '3143595310', 'calle 80 #57-16', 'milagro', 165, 1),
('1040377034', 3, 'Jefferson', 'Albornoz Largacha ', 900941651, '', '3148831939', '', 'Gaitan', 165, 3),
('1040377635', 3, ' Carlos Mario', 'Sanchez Goez', 900941651, '', '3127662652', 'Cra 73 Casa 60-43', 'Oasis', 165, 3),
('1040761106', 3, ' Jose Durbey', 'Gomez La Torre', 900941651, '', '3105061763', '', '', 585, 3),
('1040801825', 3, 'Danna Vianey ', 'Sanchez Carmona ', 8399051, '', '3117303338', 'Sin Nomenclatura', 'Laureles ', 45, 1),
('1041149382', 3, 'Juan Felipe ', 'Macias Velasquez ', 8399051, '', '3146396475', '', 'centro', 190, 1),
('1041257015', 3, 'Deider Dario', 'Doria Durango ', 900941651, '', '3136818128', 'Calle 97 N°93-94', 'Pueblo Nuevo', 45, 3),
('1045487334', 3, 'Wilberto ', 'Urrutia Perea ', 8399051, '', '3146221756', '', 'el bosque', 1017, 1),
('1045491329', 3, 'Yorgin ', 'Charicha Caicedo', 900941651, '', '3136666229', 'calle 94 cra 15', 'Brisas del mar', 1017, 1),
('1045491899', 3, 'Yamil ', 'Palacios Gomez ', 900941651, '', '3122729327', 'calle 112 cra 13 ', 'Buenos aires ', 1017, 1),
('1045493861', 3, 'Obeimer ', 'Torres Delgado', 900941651, '', '3148264205', 'cra 8 calle 108', 'santa de la playa ', 1017, 1),
('1045495678', 3, 'Jhon Edwin ', 'Mena Leudo', 900941651, '', '3217081923', 'Cra 14 Calle 96', ' San Martin', 1017, 3),
('1045497880', 3, 'Ronal Enrique', 'Rengifo Martinez ', 900941651, '', '3126314835', 'Calle 98 Cra 14', 'San Martin', 1017, 3),
('1045504016', 3, 'Ferleison ', 'Palacios Cordoba', 900941651, '', '3147859699', 'calle 109 cra 9', 'las malvinas ', 1017, 1),
('1045506723', 3, 'Gilberto ', 'Sanchez Valencia ', 900941651, '', '3117860320', '', 'o el pescador', 1017, 3),
('1045507702', 3, 'Yeison', ' Corrales Mena', 900941651, '', '3217059102', 'Cra 19 Calle 97 Nº 19-02', ' El Bosque', 1017, 3),
('1045507871', 3, 'Arlem', 'Palacios Lezcano ', 900941651, '', '3108212553', 'Cll 98 Cra 8 ', 'Obrero', 1017, 3),
('1045509970', 3, 'Jesus alberto ', 'serna Rivas ', 8399051, '', '3206534432', 'calle 104 cra 8', 'las flores', 1017, 1),
('1045511411', 3, 'Manuel Fabian', 'Rios Higuita', 900941651, '', '3107259981', '', 'El instituto', 45, 3),
('1045513202', 3, ' Andres Felipe', 'Tapias Lemus', 900941651, '', '3205518566', 'Calle 98a Cra 12', 'Obrero', 1017, 3),
('1045514248', 3, 'Yeiner', 'Salas Palacios ', 900941651, '', '3217108262', 'Cra 21 Calle 91 ', '', 1017, 3),
('1045514401', 3, 'Emerson', 'Rodriguez Cuesta ', 900941651, '', '3104897767', 'Cra 13 N° 93-23', 'Brisas del Mar', 1017, 3),
('1045515184', 3, 'simon andres ', 'ochoa Arroyave', 8399051, '', '3224972684', 'calle 101 #12-29 ', 'Centro', 1017, 1),
('1045515860', 3, ' Leyder', 'Delgado Pitalua', 900941651, '', '3216190907', 'Calle 115 Cra 19 ', 'Julia Orozco', 1017, 3),
('1045516407', 3, 'Osneider', 'Galban Ballesteros', 900941651, '', '3122474080', 'Calle 112 Cra 18 ', 'Jesus Mora', 1017, 3),
('1045517208', 3, 'Yesenia ', 'Ramirez Padilla', 900941651, '', '3113199671', 'Clle 109 No 14 - 53 ', 'Jesus Mora ', 1017, 3),
('1045518631', 3, 'Teiler', 'Cortez Vega ', 900941651, '', '3105070397', '', 'Santa Fe la Palya', 1017, 3),
('1045521085', 3, 'Elber Andres ', 'Correa Padilla ', 8399051, '', '3042085026', 'calle 115 cra 19 ', 'julia orozco', 1017, 1),
('1045523021', 3, 'Esneider Antonio ', 'Palacio Valencia ', 900941651, '', '3215601386', 'Sin nomenclatura', 'pescador ', 1017, 3),
('1045527888', 3, 'Jhonier ', 'Perez Palencia ', 900941651, '', '3148916698', 'cra 19 calle 97 #96a -24 ', 'el bosque', 1017, 1),
('1045731901', 3, 'sleyder', 'orduz gomez', 8399051, '', '3127421460', 'calle 103b cra 78b', 'La paz', 45, 1),
('1046536249', 3, 'Albeiro', 'Mosquera Mosquera', 900941651, '', '3216314246', 'calle 108 cra 8a', 'turbo', 1017, 1),
('1067091342', 3, 'Luis fernando ', 'Almanza Almanza ', 8399051, '', '3107181932', 'calle 95a N° 105a -01', 'nuevo apartado', 45, 1),
('1073983528', 3, 'Carlos Andres', 'Morales Romero', 900941651, '', '3225787195', 'Calle 114 Cra 15 ', 'Jesus Mora', 1017, 3),
('1074716685', 3, 'Andres Felipe', 'Vargas Amaril', 8399051, '', '3148356466', '', 'La esmeralda', 45, 1),
('1075092563', 3, ' Deimer', 'Caicedo Salas', 900941651, '', '3222466725', 'Calle 66 No 67-29', '', 165, 3),
('1075094384', 3, 'Roberto Carlos ', 'Ramos Palacios ', 8399051, '', '3106113828', '', 'las antillas', 1017, 3),
('1077428584', 3, 'Edis Yamith ', 'Lizcano Panesso', 900941651, '', '3207061092', 'Clle 83a No 68 - 37', '', 165, 3),
('1077440806', 3, 'Luis Jose', 'Rojas Asprilla', 900941651, '', '3205775269', 'Calle 100 Cra 8', 'Jorge Eliecer Gaitan ', 1017, 3),
('1077600630', 3, ' Joel', 'Palacios Rubio', 900941651, '', '3145187552', '', 'San Marino', 165, 3),
('1087553720', 3, 'Miguel Angel ', 'Cataño Pastrana', 900941651, '', '3218108103', '', 'La union ', 190, 3),
('10941200', 3, ' Antonio ', 'Blanco Hernandez', 900941651, '', '3104707400', 'Cra 88 No 94 - 80', ' 09 de octubre ', 45, 3),
('1128004389', 3, 'Jaime ', 'moreno cordoba', 900941651, '', '3138900409', '', 'Ciudadela ', 1017, 1),
('1128269232', 3, 'camilo Andres ', 'Zapata ', 900941651, '', '3135800515', 'calle 95 #99-39', '', 45, 1),
('1130652174', 3, 'Sandra Mileydis ', 'mosquera mosquera', 8399051, '', '3106199143', 'cra 82 N°100A-38', 'santa maria ', 45, 1),
('1131109824', 3, 'Yan Carlos', 'Alvarez Higuita', 8399051, '', '3107181116', 'cra 101 #84a- 34 ', 'camilo torres', 190, 1),
('1132129039', 3, 'felix Antonio', 'Bertel Vargas ', 900941651, '', '3148675163', 'Cra 9', '', 1017, 3),
('1132129045', 3, 'Ariel', 'Renteria Blandón ', 900941651, '', '3002753276', 'MZ14 Casa 11', 'La Lucila', 1017, 3),
('11616048', 3, 'Florencio', 'Quinto Santos ', 900941651, '', '3147174985', '', 'La Paz', 45, 3),
('11809989', 3, ' Willman ', 'Quinto Quinto', 900941651, '', '3113853568', '', ' Diana Cardona ', 45, 3),
('11812213', 3, 'Larrys jhon ', 'Arce Chaverra', 8399051, '', '3122026203', 'manzana R casa #25', 'Serrania', 45, 1),
('1192920156', 3, ' Yeison', 'Palacios Mosquera', 900941651, '', '3148916582', 'Calle 86 N° 98-53', 'El Bosque', 190, 3),
('1193499326', 3, 'jesus alberto ', 'Lobo Perez ', 900941651, '', '3206662856', '', 'las malvinas ', 1017, 1),
('12021460', 3, ' Jose Armando', 'Berrio Martinez', 900941651, '', '3113217792', 'Cll 84 Nª 67-22', 'Gaitan', 165, 3),
('15617658', 3, ' Pedro Miguel', 'Correa Hernandez', 900941651, '', '3104683178', 'Calle 103 #79b-76', '4 De Junio', 45, 3),
('18222967', 3, 'Hector Julio ', 'Perez Martinez', 8399051, '', '321571617', 'Sin Nomenclatura', 'centro', 45, 1),
('23221835', 3, 'Neidy Judith', 'Tamara castro', 900941651, '', '3187544864', 'Cll 97 A N° 105-29', 'Nuevo Apartado', 45, 3),
('25855956', 3, 'Carmen Eunice', 'Manjarres Tordecilla', 900941651, '', '3148324818', '', ' pueblo nuevo', 45, 3),
('30667853', 3, ' Sarife Maria', 'Espitia Hernandez', 900941651, '', '3148794735', 'Urbanizacion Las colinas  Mzn ', 'La colinas', 45, 3),
('32294237', 3, ' Claudia Patricia', 'Asprilla Rios', 900941651, '', '3137027241', 'Cra 104 N°83A', 'Paraiso', 190, 3),
('32314663', 3, 'Gloria Amparo ', 'Valencia Espinosa ', 8399051, '', '', 'Diagonal 57 No 47B - 10', 'Niquia ', 91, 3),
('3602736', 3, 'Oscar Evelio', 'Castaño Monsalve', 900941651, '', '3113755657', 'cra 93 #99-36 piso 2', 'centro', 45, 3),
('3640936', 3, 'Armenio', 'Martinez Hinestroza', 900941651, '', '3206830924', 'calle 109 cra 9', 'manuela Beltran', 1017, 1),
('39309581', 3, ' Trinidad de Jesus ', 'Londoño Londoño', 900941651, '', '3148586484', 'Manuela Beltran', 'Manuela Beltran', 1017, 3),
('39412503', 3, ' Martha Cecilia', 'Alcaraz Macias', 900941651, '', '3206658998', '', 'Barrios los alamos', 1, 3),
('39424654', 3, 'Diana Maria', 'Ibarguen Reyes ', 900941651, '', '3128795020', 'Cra 78B N°95-56', 'Consejo ', 45, 3),
('39427784', 3, 'María Yadira ', 'Mena Palacio ', 900941651, '', '3113655452', '', 'Obrero', 45, 1),
('43143497', 3, 'Gloria Ines', 'Goez Florez ', 8399051, '', '3147556114', 'Cra 104B No 101 - 212', 'Velez ', 45, 1),
('43148336', 3, 'Yenis', 'Manjarres Tordecilla ', 900941651, '', '3122557754', 'Calle 97 N°93-16', 'Pueblo Nuevo', 45, 1),
('43593702', 3, '  Monica Alexandra', 'Salazar Echeverry', 900941651, '', '3006110262', 'Cll 100a Nº 104-04', '', 190, 3),
('43604053', 3, ' Alexandra', 'Perez Alvarez', 900941651, '', '3105038244', '', 'Ortiz', 45, 1),
('70059647', 3, 'Luis Roberto', 'Arredondo Estrada ', 900941651, '', '3147939873', '', 'Aurelio Mejia', 372, 3),
('70522339', 3, ' Benancio', 'Geles Mena', 900941651, '', '3137623215', 'Vereda Camelia', '', 1017, 3),
('71241757', 3, 'Wilmar ', 'Palacio Mosquera ', 8399051, '', '3104711327', 'calle 103B #86-11', 'obrero', 45, 1),
('71241866', 3, ' Jose Alirio', 'Morales Garcia', 900941651, '', '3116019364', '', ' la Paz', 45, 3),
('71242561', 3, ' Jose Adrian', 'Cardenas Bedoya', 900941651, '', '3113755048', 'Calle 97 Casa 93', 'Manzanares', 45, 3),
('71253278', 3, 'Jose Alfredo', 'Charrasquiel Gomez ', 900941651, '', '3145670582', 'Cra 65 B Nº 73-17 ', 'Los Parques', 165, 3),
('71253660', 3, 'Hernan Felipe ', 'Cantero Cordero', 8399051, '', '3127867332', '', 'casa verde', 165, 1),
('71254537', 3, 'Wilmer Alberto', 'Ramos Blandon ', 900941651, '', '3226851079', 'Cra 67 Calle 87 N° 67-91', 'Gaitan', 165, 3),
('71255536', 3, ' Luis Fernando', 'Cuervo Zarate', 900941651, '', '3114481783', 'Cra 69 Cll 82 N° 82-04', '', 165, 3),
('71257641', 3, 'Herney Antonio ', 'Monsalve Garcia ', 8399051, '', '3127534461', 'Finca Manguruma', 'Reposo ', 1, 3),
('71257658', 3, ' Esteban', 'Muñoz Gómez', 900941651, '', '3145536005', 'Calle 102a - cra 79 ', 'Diana Cardona', 45, 3),
('71258375', 3, ' Robinson', 'Perez Jaramillo', 900941651, '', '3128411369', '', 'El prado', 1, 3),
('71266279', 3, ' Robinson', 'Morales Morales', 900941651, '', '3218791847', '', ' la Esaperanzas', 45, 3),
('71350154', 3, 'Norleys ', 'Moya Cuesta ', 900941651, '', '3216871914', 'Cra 15 No 97 - 116 ', 'San Martin ', 1017, 3),
('71350218', 3, 'Bibiano Antonio', 'Jimenez Villalobos', 8399051, '', '3207251532', 'calle 109 cra 17', 'jesus mora', 1017, 1),
('71350548', 3, 'Javier Alberto', 'Torres Barrios ', 900941651, '', '3106336075', 'Cll 109 Cra 16', 'Jesus Mora', 1017, 3),
('71350570', 3, ' Alexander', 'Cuesta Cuesta', 900941651, '', '3105932422', 'Calle 99 Cra 9', 'Obrero', 1017, 3),
('71351983', 3, ' Geiler', 'Pombo Caicedo', 900941651, '', '3137933745', 'Cra 15 Calle 95 ', ' Brisas del mar', 1017, 3),
('71352399', 3, 'Jhon Fredy ', 'Mena Valoyes ', 900941651, '', '3233697591', 'Calle 115 Cra 24', 'Manizalez ', 1017, 3),
('71352840', 3, ' Pedro Antonio', 'Mestra Guerra', 900941651, '', '3147861313', '', 'Corregimiento el tres', 1017, 3),
('71353140', 3, 'Osvaldo ', 'Mena Salazar ', 900941651, '', '3214713107', 'Calle 92 cra 21', 'Bosque', 1017, 3),
('71420499', 3, 'Jose Ignacio ', 'Pineda Ortiz ', 8399051, '', '3107692822', '75#48B-05', 'salvador ', 45, 3),
('71643293', 3, 'Flavio Marlon ', 'Zapata Sanchez ', 900941651, '', '', 'Calle 95 No 99 - 39', 'Fundadores', 45, 3),
('71770767', 3, 'John Farly ', 'Sanchez Cano', 900941651, '', '3122119870', 'calle  98a N 107-55', 'centro', 45, 1),
('71932087', 3, ' Heymer de Jesus', 'Muñoz Torres', 900941651, '', '3137002634', 'B/ Policarpa', 'Policarpa', 45, 3),
('71937159', 3, ' Jhon Alberto', 'Gomez', 900941651, '', '3104358881', '', 'Pueblo Nuevo', 45, 3),
('71940133', 3, 'Wilberto Alirio', 'Higuita Urrego', 900941651, '', '3148185252', 'Clle 85 No 67 - 43', '', 165, 3),
('71940134', 3, 'Arbin Fredy', ' Menesses Betancur ', 900941651, '', '3128373181', 'Blq 1 Mz 14 cs15', 'Obrero', 45, 3),
('71940274', 3, ' Elkin', 'Rendon Durango', 900941651, '', '3148646118', '', 'Barrio 4 junio ', 45, 3),
('71943722', 3, 'Victoriano ', 'Chaverra Cordoba ', 900941651, '', '3117878338', 'Manzana 224 casa 15', 'Obrero', 45, 3),
('71944414', 3, ' Edinson', 'Ruiz', 900941651, '', '3113133925', 'B/ la Paz', '', 45, 3),
('71949669', 3, ' Luis Jose', 'Palacios Villalba', 900941651, '', '3147556186', 'Cra 82 Calle 101a-55', '', 45, 3),
('71951187', 3, ' Nicolas Asdrubal', 'Zapata Sanchez', 900941651, '', '3116158829', 'Carrera 64c # 48-71', 'Central', 547, 1),
('71971868', 3, 'Demetrio', ' Lobo Gómez ', 900941651, '', '3148963638', 'Vereda loma verde', '', 45, 3),
('71975486', 3, 'Jose Ricardo ', 'mosquera Quinto', 900941651, '', '3128086806', 'cra 17 calle 105 #17-77', 'jesus mora ', 1017, 1),
('71975907', 3, 'Prudencio', 'Cuesta Cordoba ', 8399051, '', '3217063977', 'Sin Nomenclatura', 'Yarumal ', 1017, 3),
('71976214', 3, 'Elkin', 'Caicedo Mosquera', 900941651, '', '3137690125', 'Calle 105 Cra 10 ', 'Las Flores', 1017, 3),
('71977438', 3, ' Robinson', 'Blanco Hernandez', 900941651, '', '3206822979', '', 'Pueblo Nuevo', 45, 3),
('71981594', 3, ' Pedro Manuel', 'Marimon Salcedo', 900941651, '', '3116747920', 'Cra 13 Cll 104', ' Buenos Aires', 1017, 3),
('71982094', 3, 'Francklin', 'Martinez Rebolledo', 900941651, '', '3122178606', '', 'la lucila ', 1017, 1),
('71987186', 3, 'Jorge Eliecer', 'Quejada Quejada ', 900941651, '', '3135073255', '', 'Julia Orozco', 1017, 3),
('71987312', 3, 'Luis Ober', 'Diaz Urrutia', 900941651, '', '3137851919', 'Cll 954 N° 20-01', 'El Bosque', 1017, 3),
('71987319', 3, ' Jonny Enrique', 'Tejedor Caraballo', 900941651, '', '3218873792', 'Cra 19 N° 97D-31', 'Ciudad Bolivar', 1017, 3),
('71987419', 3, ' Javier', 'Pineda Bellido', 900941651, '', '3146518568', '', 'Obrero', 1017, 3),
('71987450', 3, 'Eber Antonio', 'Teheran Reyes ', 8399051, '', '3217346790', 'cra 65B #74-41', '', 165, 1),
('71987628', 3, ' Samir Jose', 'Muentes Ortega', 900941651, '', '3217265615', '', '20 de Enero', 45, 3),
('71987705', 3, ' Jose Santiago', 'Parra Geles ', 900941651, '', '3217918763', '', 'Santa Fe la Palya', 1017, 3),
('71987816', 3, 'Jose Alberto', 'Duran Rivas ', 900941651, '', '3126680247', 'Calle 104 Cra 10', 'Las Florez', 1017, 3),
('73097645', 3, 'Demetrio', 'Jimenez Rodriguez', 900941651, '', '3217403648', '', 'Pueblo Quemado', 45, 3),
('78029386', 3, 'Jose Luis ', 'Babilonia Espitia ', 900941651, '', '3122377295', 'Cra 989C No 97-29', 'Simon Bolivar', 190, 3),
('78756792', 3, ' Eliecer DE Jesus', 'Fabra Montes', 900941651, '', '3104350692', '', '20 de Enero', 45, 3),
('8166734', 3, ' Mauricio', 'Medrano Ceren', 900941651, '', '3136688302', 'Diagonal 105b N°106-63', '', 45, 3),
('8167712', 3, ' Alexis David', 'Arteagas Rojas', 900941651, '', '3206441264', 'Bloque 5 M2 Nº 99-49', 'Obrero', 45, 3),
('8168404', 3, 'Sergio Luis ', 'Chiquillo Gomez ', 900941651, '', '3208027303', '', ' Julia Orozco ', 1017, 3),
('8188626', 3, 'Gabriel ', 'simanca martinez', 900941651, '', '3136745635', '', '', 45, 1),
('823303540', 3, 'Misael ', 'Berrio Bohorquez ', 8399051, '', '3145399172', 'Club Nautico ', 'Club Nautico ', 1, 3),
('82331350', 3, 'Luis Gabriel', 'Berrio Martinez', 900941651, '', '3102565026', 'Calle 96 Cra 15 ', 'Brisas del mar', 1017, 3),
('8321437', 3, 'Henry Manuel', 'Marin Henao ', 900941651, '', '3218775102', 'Cra 75 Cll 100', '20 de Enero', 45, 3),
('8322637', 3, 'Geiler ', 'Aragon Mosquera ', 900941651, '', '3135725614', 'Manazana 175 Casa 4 Bloque 3', 'Obrero', 45, 3),
('8322960', 3, 'Diego Alexander ', 'Callejas Alandete', 900941651, '', '3208146066', 'Sin nomenclatura', 'Buenos Aires', 1017, 3),
('8323080', 3, ' Jose Alfredo', 'Morales Garcia', 900941651, '', '', '', ' La paz', 45, 3),
('8324215', 3, 'Yurleyz', 'sanchez perez', 900941651, '', '', 'calle 95 #108', 'Fundadores ', 45, 1),
('8324332', 3, ' Jorge Eliecer', 'Morales Garcia', 900941651, '', '3137023273', 'Car 77A N 104-39 41', '', 45, 3),
('8324484', 3, ' Camilo Antonio', 'Ibarguen Blandon', 900941651, '', '3116093623', 'B/ Obrero N 17 C 24', ' Obrero ', 45, 3),
('8324953', 3, ' Juan Guillermo', 'Henao Alandete', 900941651, '', '3017671837', 'Cra 78c Calle 101b', 'Policarpa', 45, 3),
('8336250', 3, 'Jairo Luis', 'Varela Guisao ', 900941651, '', '3105000357', 'B/Barrio gaitan', '', 165, 3),
('8336985', 3, 'Luis Alberto', 'Cataño Delgado ', 900941651, '', '3116087355', 'CRA 93A', 'Brisas del rio', 190, 3),
('8339453', 3, 'carmelo Enrique ', 'Hernandez Donado', 8399051, '', '3206400118', '', 'la union ', 190, 1),
('8339483', 3, 'Ivan Dario', 'Sanchez Muñeton ', 900941651, '', '3104562865', 'Cra 104 Nª 94-12', 'Kennedy', 190, 3),
('8399051', 3, 'Rodrigo', 'Lenis Sucerquia ', 900941651, '', '3148963676', 'Calle 95 N°99-39', 'Fundadores', 45, 1),
('8409370', 3, 'Jerson De Jesus ', 'Zapata Sanchez ', 900941651, '', '3003076622', '', 'Nuevo Apartado', 45, 1),
('8416097', 3, ' Juan de Jesús', 'Durango Durango', 900941651, '', '3207043540', 'Cra 98 Cll 84b ', ' El Bosque', 190, 3),
('8436400', 3, ' Mario Fernando', 'Osuna Mora', 900941651, '', '3137413695', 'Cra 104 Nº 102-57', '', 190, 3),
('8437825', 3, 'Ricardo Antonio', 'Alvarez Higuita ', 900941651, '', '3148269830', 'Mzn 2  Casa 143', 'Obrero', 45, 3),
('8438274', 3, 'jorge Mario ', 'Cano Escudero', 8399051, '', '3234724841', 'calle 96c #9211', 'Brisas del rio', 190, 1),
('8439024', 3, 'Heriberto  Antonio', 'Varela Ceballos ', 900941651, '', '3145375022', 'Cra 100 # 86-59', 'camilo torres', 190, 3),
('8439294', 3, 'Carlos Johny ', 'Cancio Martinez', 8399051, '', '3233296119', '', 'los balsos', 190, 3),
('8439410', 3, ' Jenrri de Jesus', 'Tuberquia Sucerquia', 900941651, '', '3137455633', 'Cll 96 Nª 91-46', 'Las brisas', 190, 3),
('9155003', 3, 'Robinson', 'Vanegas Sanchez ', 900941651, '', '3116077535', 'Cll 86A cra 94', 'La Castellana', 190, 3),
('98493185', 3, 'Jorge Ivan', 'Lenis Sucerquia', 8399051, '', '', 'Calle 38 No 53 - 85', 'Unidad basica junin', 547, 3),
('98589556', 3, 'Roberto Arturo ', 'Palacios Baron ', 900941651, '', '', 'Calle 95 No 99 - 39', 'Fundadores ', 45, 3),
('98612860', 3, 'Ober ', 'Hoyos Argumedo ', 8399051, '', '3107281574', 'calle 96 cra 91 #90b-19', 'guayabal', 190, 1),
('98617618', 3, 'Hernando ', 'Sanchez Colon ', 900941651, '', '3116532731', 'Cra 114 ', 'El Salvador', 45, 3),
('98617983', 3, 'Victor', 'Guerra Banda ', 900941651, '', '3126241818', 'Cll 85 N° 94 - 37', 'La CAstellana', 190, 3),
('98619281', 3, ' Odmer Alexander', 'Gomez Agudelo', 900941651, '', '3225951840', 'Calle 84a N°91-81', 'Castellano', 190, 3),
('98687247', 3, 'Abraham ', 'Mendez Maldonado ', 900941651, '', '3207575600', 'Calle 115 No 06 ', 'Santa Fe', 1017, 3),
('98716433', 3, 'Egidio Antonio', 'Agudelo', 8399051, '', '3217096850', 'manzana 67 casa 6 ', 'obrero', 45, 1);

-- --------------------------------------------------------

--
-- Estructura de tabla para la tabla `tblempresas`
--

CREATE TABLE `tblempresas` (
  `nitempresa` int(15) NOT NULL,
  `Nombreempresa` varchar(40) COLLATE utf8_spanish2_ci NOT NULL,
  `tipoempresa` varchar(20) COLLATE utf8_spanish2_ci NOT NULL
) ENGINE=InnoDB DEFAULT CHARSET=utf8 COLLATE=utf8_spanish2_ci;

--
-- Volcado de datos para la tabla `tblempresas`
--

INSERT INTO `tblempresas` (`nitempresa`, `Nombreempresa`, `tipoempresa`) VALUES
(8399051, 'Rodrigo Lenis Sucerquia', 'Natural'),
(900941651, 'Rodrigo Lenis SAS', 'Juridica');

-- --------------------------------------------------------

--
-- Estructura de tabla para la tabla `tblmediosentrega`
--

CREATE TABLE `tblmediosentrega` (
  `idmedioentrega` int(3) NOT NULL,
  `medioentrega` varchar(60) COLLATE utf8_unicode_ci NOT NULL
) ENGINE=InnoDB DEFAULT CHARSET=utf8 COLLATE=utf8_unicode_ci;

-- --------------------------------------------------------

--
-- Estructura de tabla para la tabla `tblmunicipios`
--

CREATE TABLE `tblmunicipios` (
  `idmunicipio` int(6) NOT NULL,
  `municipio` varchar(255) NOT NULL DEFAULT '',
  `iddepartamento` int(2) NOT NULL
) ENGINE=InnoDB DEFAULT CHARSET=utf8;

--
-- Volcado de datos para la tabla `tblmunicipios`
--

INSERT INTO `tblmunicipios` (`idmunicipio`, `municipio`, `iddepartamento`) VALUES
(1, 'Abriaquí', 5),
(2, 'Acacías', 50),
(3, 'Acandí', 27),
(4, 'Acevedo', 41),
(5, 'Achí', 13),
(6, 'Agrado', 41),
(7, 'Agua de Dios', 25),
(8, 'Aguachica', 20),
(9, 'Aguada', 68),
(10, 'Aguadas', 17),
(11, 'Aguazul', 85),
(12, 'Agustín Codazzi', 20),
(13, 'Aipe', 41),
(14, 'Albania', 18),
(15, 'Albania', 44),
(16, 'Albania', 68),
(17, 'Albán', 25),
(18, 'Albán (San José)', 52),
(19, 'Alcalá', 76),
(20, 'Alejandria', 5),
(21, 'Algarrobo', 47),
(22, 'Algeciras', 41),
(23, 'Almaguer', 19),
(24, 'Almeida', 15),
(25, 'Alpujarra', 73),
(26, 'Altamira', 41),
(27, 'Alto Baudó (Pie de Pato)', 27),
(28, 'Altos del Rosario', 13),
(29, 'Alvarado', 73),
(30, 'Amagá', 5),
(31, 'Amalfi', 5),
(32, 'Ambalema', 73),
(33, 'Anapoima', 25),
(34, 'Ancuya', 52),
(35, 'Andalucía', 76),
(36, 'Andes', 5),
(37, 'Angelópolis', 5),
(38, 'Angostura', 5),
(39, 'Anolaima', 25),
(40, 'Anorí', 5),
(41, 'Anserma', 17),
(42, 'Ansermanuevo', 76),
(43, 'Anzoátegui', 73),
(44, 'Anzá', 5),
(45, 'Apartadó', 5),
(46, 'Apulo', 25),
(47, 'Apía', 66),
(48, 'Aquitania', 15),
(49, 'Aracataca', 47),
(50, 'Aranzazu', 17),
(51, 'Aratoca', 68),
(52, 'Arauca', 81),
(53, 'Arauquita', 81),
(54, 'Arbeláez', 25),
(55, 'Arboleda (Berruecos)', 52),
(56, 'Arboledas', 54),
(57, 'Arboletes', 5),
(58, 'Arcabuco', 15),
(59, 'Arenal', 13),
(60, 'Argelia', 5),
(61, 'Argelia', 19),
(62, 'Argelia', 76),
(63, 'Ariguaní (El Difícil)', 47),
(64, 'Arjona', 13),
(65, 'Armenia', 5),
(66, 'Armenia', 63),
(67, 'Armero (Guayabal)', 73),
(68, 'Arroyohondo', 13),
(69, 'Astrea', 20),
(70, 'Ataco', 73),
(71, 'Atrato (Yuto)', 27),
(72, 'Ayapel', 23),
(73, 'Bagadó', 27),
(74, 'Bahía Solano (Mútis)', 27),
(75, 'Bajo Baudó (Pizarro)', 27),
(76, 'Balboa', 19),
(77, 'Balboa', 66),
(78, 'Baranoa', 8),
(79, 'Baraya', 41),
(80, 'Barbacoas', 52),
(81, 'Barbosa', 5),
(82, 'Barbosa', 68),
(83, 'Barichara', 68),
(84, 'Barranca de Upía', 50),
(85, 'Barrancabermeja', 68),
(86, 'Barrancas', 44),
(87, 'Barranco de Loba', 13),
(88, 'Barranquilla', 8),
(89, 'Becerríl', 20),
(90, 'Belalcázar', 17),
(91, 'Bello', 5),
(92, 'Belmira', 5),
(93, 'Beltrán', 25),
(94, 'Belén', 15),
(95, 'Belén', 52),
(96, 'Belén de Bajirá', 27),
(97, 'Belén de Umbría', 66),
(98, 'Belén de los Andaquíes', 18),
(99, 'Berbeo', 15),
(100, 'Betania', 5),
(101, 'Beteitiva', 15),
(102, 'Betulia', 5),
(103, 'Betulia', 68),
(104, 'Bituima', 25),
(105, 'Boavita', 15),
(106, 'Bochalema', 54),
(107, 'Bogotá D.C.', 11),
(108, 'Bojacá', 25),
(109, 'Bojayá (Bellavista)', 27),
(110, 'Bolívar', 5),
(111, 'Bolívar', 19),
(112, 'Bolívar', 68),
(113, 'Bolívar', 76),
(114, 'Bosconia', 20),
(115, 'Boyacá', 15),
(116, 'Briceño', 5),
(117, 'Briceño', 15),
(118, 'Bucaramanga', 68),
(119, 'Bucarasica', 54),
(120, 'Buenaventura', 76),
(121, 'Buenavista', 15),
(122, 'Buenavista', 23),
(123, 'Buenavista', 63),
(124, 'Buenavista', 70),
(125, 'Buenos Aires', 19),
(126, 'Buesaco', 52),
(127, 'Buga', 76),
(128, 'Bugalagrande', 76),
(129, 'Burítica', 5),
(130, 'Busbanza', 15),
(131, 'Cabrera', 25),
(132, 'Cabrera', 68),
(133, 'Cabuyaro', 50),
(134, 'Cachipay', 25),
(135, 'Caicedo', 5),
(136, 'Caicedonia', 76),
(137, 'Caimito', 70),
(138, 'Cajamarca', 73),
(139, 'Cajibío', 19),
(140, 'Cajicá', 25),
(141, 'Calamar', 13),
(142, 'Calamar', 95),
(143, 'Calarcá', 63),
(144, 'Caldas', 5),
(145, 'Caldas', 15),
(146, 'Caldono', 19),
(147, 'California', 68),
(148, 'Calima (Darién)', 76),
(149, 'Caloto', 19),
(150, 'Calí', 76),
(151, 'Campamento', 5),
(152, 'Campo de la Cruz', 8),
(153, 'Campoalegre', 41),
(154, 'Campohermoso', 15),
(155, 'Canalete', 23),
(156, 'Candelaria', 8),
(157, 'Candelaria', 76),
(158, 'Cantagallo', 13),
(159, 'Cantón de San Pablo', 27),
(160, 'Caparrapí', 25),
(161, 'Capitanejo', 68),
(162, 'Caracolí', 5),
(163, 'Caramanta', 5),
(164, 'Carcasí', 68),
(165, 'Carepa', 5),
(166, 'Carmen de Apicalá', 73),
(167, 'Carmen de Carupa', 25),
(168, 'Carmen de Viboral', 5),
(169, 'Carmen del Darién (CURBARADÓ)', 27),
(170, 'Carolina', 5),
(171, 'Cartagena', 13),
(172, 'Cartagena del Chairá', 18),
(173, 'Cartago', 76),
(174, 'Carurú', 97),
(175, 'Casabianca', 73),
(176, 'Castilla la Nueva', 50),
(177, 'Caucasia', 5),
(178, 'Cañasgordas', 5),
(179, 'Cepita', 68),
(180, 'Cereté', 23),
(181, 'Cerinza', 15),
(182, 'Cerrito', 68),
(183, 'Cerro San Antonio', 47),
(184, 'Chachaguí', 52),
(185, 'Chaguaní', 25),
(186, 'Chalán', 70),
(187, 'Chaparral', 73),
(188, 'Charalá', 68),
(189, 'Charta', 68),
(190, 'Chigorodó', 5),
(191, 'Chima', 68),
(192, 'Chimichagua', 20),
(193, 'Chimá', 23),
(194, 'Chinavita', 15),
(195, 'Chinchiná', 17),
(196, 'Chinácota', 54),
(197, 'Chinú', 23),
(198, 'Chipaque', 25),
(199, 'Chipatá', 68),
(200, 'Chiquinquirá', 15),
(201, 'Chiriguaná', 20),
(202, 'Chiscas', 15),
(203, 'Chita', 15),
(204, 'Chitagá', 54),
(205, 'Chitaraque', 15),
(206, 'Chivatá', 15),
(207, 'Chivolo', 47),
(208, 'Choachí', 25),
(209, 'Chocontá', 25),
(210, 'Chámeza', 85),
(211, 'Chía', 25),
(212, 'Chíquiza', 15),
(213, 'Chívor', 15),
(214, 'Cicuco', 13),
(215, 'Cimitarra', 68),
(216, 'Circasia', 63),
(217, 'Cisneros', 5),
(218, 'Ciénaga', 15),
(219, 'Ciénaga', 47),
(220, 'Ciénaga de Oro', 23),
(221, 'Clemencia', 13),
(222, 'Cocorná', 5),
(223, 'Coello', 73),
(224, 'Cogua', 25),
(225, 'Colombia', 41),
(226, 'Colosó (Ricaurte)', 70),
(227, 'Colón', 86),
(228, 'Colón (Génova)', 52),
(229, 'Concepción', 5),
(230, 'Concepción', 68),
(231, 'Concordia', 5),
(232, 'Concordia', 47),
(233, 'Condoto', 27),
(234, 'Confines', 68),
(235, 'Consaca', 52),
(236, 'Contadero', 52),
(237, 'Contratación', 68),
(238, 'Convención', 54),
(239, 'Copacabana', 5),
(240, 'Coper', 15),
(241, 'Cordobá', 63),
(242, 'Corinto', 19),
(243, 'Coromoro', 68),
(244, 'Corozal', 70),
(245, 'Corrales', 15),
(246, 'Cota', 25),
(247, 'Cotorra', 23),
(248, 'Covarachía', 15),
(249, 'Coveñas', 70),
(250, 'Coyaima', 73),
(251, 'Cravo Norte', 81),
(252, 'Cuaspud (Carlosama)', 52),
(253, 'Cubarral', 50),
(254, 'Cubará', 15),
(255, 'Cucaita', 15),
(256, 'Cucunubá', 25),
(257, 'Cucutilla', 54),
(258, 'Cuitiva', 15),
(259, 'Cumaral', 50),
(260, 'Cumaribo', 99),
(261, 'Cumbal', 52),
(262, 'Cumbitara', 52),
(263, 'Cunday', 73),
(264, 'Curillo', 18),
(265, 'Curití', 68),
(266, 'Curumaní', 20),
(267, 'Cáceres', 5),
(268, 'Cáchira', 54),
(269, 'Cácota', 54),
(270, 'Cáqueza', 25),
(271, 'Cértegui', 27),
(272, 'Cómbita', 15),
(273, 'Córdoba', 13),
(274, 'Córdoba', 52),
(275, 'Cúcuta', 54),
(276, 'Dabeiba', 5),
(277, 'Dagua', 76),
(278, 'Dibulla', 44),
(279, 'Distracción', 44),
(280, 'Dolores', 73),
(281, 'Don Matías', 5),
(282, 'Dos Quebradas', 66),
(283, 'Duitama', 15),
(284, 'Durania', 54),
(285, 'Ebéjico', 5),
(286, 'El Bagre', 5),
(287, 'El Banco', 47),
(288, 'El Cairo', 76),
(289, 'El Calvario', 50),
(290, 'El Carmen', 54),
(291, 'El Carmen', 68),
(292, 'El Carmen de Atrato', 27),
(293, 'El Carmen de Bolívar', 13),
(294, 'El Castillo', 50),
(295, 'El Cerrito', 76),
(296, 'El Charco', 52),
(297, 'El Cocuy', 15),
(298, 'El Colegio', 25),
(299, 'El Copey', 20),
(300, 'El Doncello', 18),
(301, 'El Dorado', 50),
(302, 'El Dovio', 76),
(303, 'El Espino', 15),
(304, 'El Guacamayo', 68),
(305, 'El Guamo', 13),
(306, 'El Molino', 44),
(307, 'El Paso', 20),
(308, 'El Paujil', 18),
(309, 'El Peñol', 52),
(310, 'El Peñon', 13),
(311, 'El Peñon', 68),
(312, 'El Peñón', 25),
(313, 'El Piñon', 47),
(314, 'El Playón', 68),
(315, 'El Retorno', 95),
(316, 'El Retén', 47),
(317, 'El Roble', 70),
(318, 'El Rosal', 25),
(319, 'El Rosario', 52),
(320, 'El Tablón de Gómez', 52),
(321, 'El Tambo', 19),
(322, 'El Tambo', 52),
(323, 'El Tarra', 54),
(324, 'El Zulia', 54),
(325, 'El Águila', 76),
(326, 'Elías', 41),
(327, 'Encino', 68),
(328, 'Enciso', 68),
(329, 'Entrerríos', 5),
(330, 'Envigado', 5),
(331, 'Espinal', 73),
(332, 'Facatativá', 25),
(333, 'Falan', 73),
(334, 'Filadelfia', 17),
(335, 'Filandia', 63),
(336, 'Firavitoba', 15),
(337, 'Flandes', 73),
(338, 'Florencia', 18),
(339, 'Florencia', 19),
(340, 'Floresta', 15),
(341, 'Florida', 76),
(342, 'Floridablanca', 68),
(343, 'Florián', 68),
(344, 'Fonseca', 44),
(345, 'Fortúl', 81),
(346, 'Fosca', 25),
(347, 'Francisco Pizarro', 52),
(348, 'Fredonia', 5),
(349, 'Fresno', 73),
(350, 'Frontino', 5),
(351, 'Fuente de Oro', 50),
(352, 'Fundación', 47),
(353, 'Funes', 52),
(354, 'Funza', 25),
(355, 'Fusagasugá', 25),
(356, 'Fómeque', 25),
(357, 'Fúquene', 25),
(358, 'Gachalá', 25),
(359, 'Gachancipá', 25),
(360, 'Gachantivá', 15),
(361, 'Gachetá', 25),
(362, 'Galapa', 8),
(363, 'Galeras (Nueva Granada)', 70),
(364, 'Galán', 68),
(365, 'Gama', 25),
(366, 'Gamarra', 20),
(367, 'Garagoa', 15),
(368, 'Garzón', 41),
(369, 'Gigante', 41),
(370, 'Ginebra', 76),
(371, 'Giraldo', 5),
(372, 'Girardot', 25),
(373, 'Girardota', 5),
(374, 'Girón', 68),
(375, 'Gonzalez', 20),
(376, 'Gramalote', 54),
(377, 'Granada', 5),
(378, 'Granada', 25),
(379, 'Granada', 50),
(380, 'Guaca', 68),
(381, 'Guacamayas', 15),
(382, 'Guacarí', 76),
(383, 'Guachavés', 52),
(384, 'Guachené', 19),
(385, 'Guachetá', 25),
(386, 'Guachucal', 52),
(387, 'Guadalupe', 5),
(388, 'Guadalupe', 41),
(389, 'Guadalupe', 68),
(390, 'Guaduas', 25),
(391, 'Guaitarilla', 52),
(392, 'Gualmatán', 52),
(393, 'Guamal', 47),
(394, 'Guamal', 50),
(395, 'Guamo', 73),
(396, 'Guapota', 68),
(397, 'Guapí', 19),
(398, 'Guaranda', 70),
(399, 'Guarne', 5),
(400, 'Guasca', 25),
(401, 'Guatapé', 5),
(402, 'Guataquí', 25),
(403, 'Guatavita', 25),
(404, 'Guateque', 15),
(405, 'Guavatá', 68),
(406, 'Guayabal de Siquima', 25),
(407, 'Guayabetal', 25),
(408, 'Guayatá', 15),
(409, 'Guepsa', 68),
(410, 'Guicán', 15),
(411, 'Gutiérrez', 25),
(412, 'Guática', 66),
(413, 'Gámbita', 68),
(414, 'Gámeza', 15),
(415, 'Génova', 63),
(416, 'Gómez Plata', 5),
(417, 'Hacarí', 54),
(418, 'Hatillo de Loba', 13),
(419, 'Hato', 68),
(420, 'Hato Corozal', 85),
(421, 'Hatonuevo', 44),
(422, 'Heliconia', 5),
(423, 'Herrán', 54),
(424, 'Herveo', 73),
(425, 'Hispania', 5),
(426, 'Hobo', 41),
(427, 'Honda', 73),
(428, 'Ibagué', 73),
(429, 'Icononzo', 73),
(430, 'Iles', 52),
(431, 'Imúes', 52),
(432, 'Inzá', 19),
(433, 'Inírida', 94),
(434, 'Ipiales', 52),
(435, 'Isnos', 41),
(436, 'Istmina', 27),
(437, 'Itagüí', 5),
(438, 'Ituango', 5),
(439, 'Izá', 15),
(440, 'Jambaló', 19),
(441, 'Jamundí', 76),
(442, 'Jardín', 5),
(443, 'Jenesano', 15),
(444, 'Jericó', 5),
(445, 'Jericó', 15),
(446, 'Jerusalén', 25),
(447, 'Jesús María', 68),
(448, 'Jordán', 68),
(449, 'Juan de Acosta', 8),
(450, 'Junín', 25),
(451, 'Juradó', 27),
(452, 'La Apartada y La Frontera', 23),
(453, 'La Argentina', 41),
(454, 'La Belleza', 68),
(455, 'La Calera', 25),
(456, 'La Capilla', 15),
(457, 'La Ceja', 5),
(458, 'La Celia', 66),
(459, 'La Cruz', 52),
(460, 'La Cumbre', 76),
(461, 'La Dorada', 17),
(462, 'La Esperanza', 54),
(463, 'La Estrella', 5),
(464, 'La Florida', 52),
(465, 'La Gloria', 20),
(466, 'La Jagua de Ibirico', 20),
(467, 'La Jagua del Pilar', 44),
(468, 'La Llanada', 52),
(469, 'La Macarena', 50),
(470, 'La Merced', 17),
(471, 'La Mesa', 25),
(472, 'La Montañita', 18),
(473, 'La Palma', 25),
(474, 'La Paz', 68),
(475, 'La Paz (Robles)', 20),
(476, 'La Peña', 25),
(477, 'La Pintada', 5),
(478, 'La Plata', 41),
(479, 'La Playa', 54),
(480, 'La Primavera', 99),
(481, 'La Salina', 85),
(482, 'La Sierra', 19),
(483, 'La Tebaida', 63),
(484, 'La Tola', 52),
(485, 'La Unión', 5),
(486, 'La Unión', 52),
(487, 'La Unión', 70),
(488, 'La Unión', 76),
(489, 'La Uvita', 15),
(490, 'La Vega', 19),
(491, 'La Vega', 25),
(492, 'La Victoria', 15),
(493, 'La Victoria', 17),
(494, 'La Victoria', 76),
(495, 'La Virginia', 66),
(496, 'Labateca', 54),
(497, 'Labranzagrande', 15),
(498, 'Landázuri', 68),
(499, 'Lebrija', 68),
(500, 'Leiva', 52),
(501, 'Lejanías', 50),
(502, 'Lenguazaque', 25),
(503, 'Leticia', 91),
(504, 'Liborina', 5),
(505, 'Linares', 52),
(506, 'Lloró', 27),
(507, 'Lorica', 23),
(508, 'Los Córdobas', 23),
(509, 'Los Palmitos', 70),
(510, 'Los Patios', 54),
(511, 'Los Santos', 68),
(512, 'Lourdes', 54),
(513, 'Luruaco', 8),
(514, 'Lérida', 73),
(515, 'Líbano', 73),
(516, 'López (Micay)', 19),
(517, 'Macanal', 15),
(518, 'Macaravita', 68),
(519, 'Maceo', 5),
(520, 'Machetá', 25),
(521, 'Madrid', 25),
(522, 'Magangué', 13),
(523, 'Magüi (Payán)', 52),
(524, 'Mahates', 13),
(525, 'Maicao', 44),
(526, 'Majagual', 70),
(527, 'Malambo', 8),
(528, 'Mallama (Piedrancha)', 52),
(529, 'Manatí', 8),
(530, 'Manaure', 44),
(531, 'Manaure Balcón del Cesar', 20),
(532, 'Manizales', 17),
(533, 'Manta', 25),
(534, 'Manzanares', 17),
(535, 'Maní', 85),
(536, 'Mapiripan', 50),
(537, 'Margarita', 13),
(538, 'Marinilla', 5),
(539, 'Maripí', 15),
(540, 'Mariquita', 73),
(541, 'Marmato', 17),
(542, 'Marquetalia', 17),
(543, 'Marsella', 66),
(544, 'Marulanda', 17),
(545, 'María la Baja', 13),
(546, 'Matanza', 68),
(547, 'Medellín', 5),
(548, 'Medina', 25),
(549, 'Medio Atrato', 27),
(550, 'Medio Baudó', 27),
(551, 'Medio San Juan (ANDAGOYA)', 27),
(552, 'Melgar', 73),
(553, 'Mercaderes', 19),
(554, 'Mesetas', 50),
(555, 'Milán', 18),
(556, 'Miraflores', 15),
(557, 'Miraflores', 95),
(558, 'Miranda', 19),
(559, 'Mistrató', 66),
(560, 'Mitú', 97),
(561, 'Mocoa', 86),
(562, 'Mogotes', 68),
(563, 'Molagavita', 68),
(564, 'Momil', 23),
(565, 'Mompós', 13),
(566, 'Mongua', 15),
(567, 'Monguí', 15),
(568, 'Moniquirá', 15),
(569, 'Montebello', 5),
(570, 'Montecristo', 13),
(571, 'Montelíbano', 23),
(572, 'Montenegro', 63),
(573, 'Monteria', 23),
(574, 'Monterrey', 85),
(575, 'Morales', 13),
(576, 'Morales', 19),
(577, 'Morelia', 18),
(578, 'Morroa', 70),
(579, 'Mosquera', 25),
(580, 'Mosquera', 52),
(581, 'Motavita', 15),
(582, 'Moñitos', 23),
(583, 'Murillo', 73),
(584, 'Murindó', 5),
(585, 'Mutatá', 5),
(586, 'Mutiscua', 54),
(587, 'Muzo', 15),
(588, 'Málaga', 68),
(589, 'Nariño', 5),
(590, 'Nariño', 25),
(591, 'Nariño', 52),
(592, 'Natagaima', 73),
(593, 'Nechí', 5),
(594, 'Necoclí', 5),
(595, 'Neira', 17),
(596, 'Neiva', 41),
(597, 'Nemocón', 25),
(598, 'Nilo', 25),
(599, 'Nimaima', 25),
(600, 'Nobsa', 15),
(601, 'Nocaima', 25),
(602, 'Norcasia', 17),
(603, 'Norosí', 13),
(604, 'Novita', 27),
(605, 'Nueva Granada', 47),
(606, 'Nuevo Colón', 15),
(607, 'Nunchía', 85),
(608, 'Nuquí', 27),
(609, 'Nátaga', 41),
(610, 'Obando', 76),
(611, 'Ocamonte', 68),
(612, 'Ocaña', 54),
(613, 'Oiba', 68),
(614, 'Oicatá', 15),
(615, 'Olaya', 5),
(616, 'Olaya Herrera', 52),
(617, 'Onzaga', 68),
(618, 'Oporapa', 41),
(619, 'Orito', 86),
(620, 'Orocué', 85),
(621, 'Ortega', 73),
(622, 'Ospina', 52),
(623, 'Otanche', 15),
(624, 'Ovejas', 70),
(625, 'Pachavita', 15),
(626, 'Pacho', 25),
(627, 'Padilla', 19),
(628, 'Paicol', 41),
(629, 'Pailitas', 20),
(630, 'Paime', 25),
(631, 'Paipa', 15),
(632, 'Pajarito', 15),
(633, 'Palermo', 41),
(634, 'Palestina', 17),
(635, 'Palestina', 41),
(636, 'Palmar', 68),
(637, 'Palmar de Varela', 8),
(638, 'Palmas del Socorro', 68),
(639, 'Palmira', 76),
(640, 'Palmito', 70),
(641, 'Palocabildo', 73),
(642, 'Pamplona', 54),
(643, 'Pamplonita', 54),
(644, 'Pandi', 25),
(645, 'Panqueba', 15),
(646, 'Paratebueno', 25),
(647, 'Pasca', 25),
(648, 'Patía (El Bordo)', 19),
(649, 'Pauna', 15),
(650, 'Paya', 15),
(651, 'Paz de Ariporo', 85),
(652, 'Paz de Río', 15),
(653, 'Pedraza', 47),
(654, 'Pelaya', 20),
(655, 'Pensilvania', 17),
(656, 'Peque', 5),
(657, 'Pereira', 66),
(658, 'Pesca', 15),
(659, 'Peñol', 5),
(660, 'Piamonte', 19),
(661, 'Pie de Cuesta', 68),
(662, 'Piedras', 73),
(663, 'Piendamó', 19),
(664, 'Pijao', 63),
(665, 'Pijiño', 47),
(666, 'Pinchote', 68),
(667, 'Pinillos', 13),
(668, 'Piojo', 8),
(669, 'Pisva', 15),
(670, 'Pital', 41),
(671, 'Pitalito', 41),
(672, 'Pivijay', 47),
(673, 'Planadas', 73),
(674, 'Planeta Rica', 23),
(675, 'Plato', 47),
(676, 'Policarpa', 52),
(677, 'Polonuevo', 8),
(678, 'Ponedera', 8),
(679, 'Popayán', 19),
(680, 'Pore', 85),
(681, 'Potosí', 52),
(682, 'Pradera', 76),
(683, 'Prado', 73),
(684, 'Providencia', 52),
(685, 'Providencia', 88),
(686, 'Pueblo Bello', 20),
(687, 'Pueblo Nuevo', 23),
(688, 'Pueblo Rico', 66),
(689, 'Pueblorrico', 5),
(690, 'Puebloviejo', 47),
(691, 'Puente Nacional', 68),
(692, 'Puerres', 52),
(693, 'Puerto Asís', 86),
(694, 'Puerto Berrío', 5),
(695, 'Puerto Boyacá', 15),
(696, 'Puerto Caicedo', 86),
(697, 'Puerto Carreño', 99),
(698, 'Puerto Colombia', 8),
(699, 'Puerto Concordia', 50),
(700, 'Puerto Escondido', 23),
(701, 'Puerto Gaitán', 50),
(702, 'Puerto Guzmán', 86),
(703, 'Puerto Leguízamo', 86),
(704, 'Puerto Libertador', 23),
(705, 'Puerto Lleras', 50),
(706, 'Puerto López', 50),
(707, 'Puerto Nare', 5),
(708, 'Puerto Nariño', 91),
(709, 'Puerto Parra', 68),
(710, 'Puerto Rico', 18),
(711, 'Puerto Rico', 50),
(712, 'Puerto Rondón', 81),
(713, 'Puerto Salgar', 25),
(714, 'Puerto Santander', 54),
(715, 'Puerto Tejada', 19),
(716, 'Puerto Triunfo', 5),
(717, 'Puerto Wilches', 68),
(718, 'Pulí', 25),
(719, 'Pupiales', 52),
(720, 'Puracé (Coconuco)', 19),
(721, 'Purificación', 73),
(722, 'Purísima', 23),
(723, 'Pácora', 17),
(724, 'Páez', 15),
(725, 'Páez (Belalcazar)', 19),
(726, 'Páramo', 68),
(727, 'Quebradanegra', 25),
(728, 'Quetame', 25),
(729, 'Quibdó', 27),
(730, 'Quimbaya', 63),
(731, 'Quinchía', 66),
(732, 'Quipama', 15),
(733, 'Quipile', 25),
(734, 'Ragonvalia', 54),
(735, 'Ramiriquí', 15),
(736, 'Recetor', 85),
(737, 'Regidor', 13),
(738, 'Remedios', 5),
(739, 'Remolino', 47),
(740, 'Repelón', 8),
(741, 'Restrepo', 50),
(742, 'Restrepo', 76),
(743, 'Retiro', 5),
(744, 'Ricaurte', 25),
(745, 'Ricaurte', 52),
(746, 'Rio Negro', 68),
(747, 'Rioblanco', 73),
(748, 'Riofrío', 76),
(749, 'Riohacha', 44),
(750, 'Risaralda', 17),
(751, 'Rivera', 41),
(752, 'Roberto Payán (San José)', 52),
(753, 'Roldanillo', 76),
(754, 'Roncesvalles', 73),
(755, 'Rondón', 15),
(756, 'Rosas', 19),
(757, 'Rovira', 73),
(758, 'Ráquira', 15),
(759, 'Río Iró', 27),
(760, 'Río Quito', 27),
(761, 'Río Sucio', 17),
(762, 'Río Viejo', 13),
(763, 'Río de oro', 20),
(764, 'Ríonegro', 5),
(765, 'Ríosucio', 27),
(766, 'Sabana de Torres', 68),
(767, 'Sabanagrande', 8),
(768, 'Sabanalarga', 5),
(769, 'Sabanalarga', 8),
(770, 'Sabanalarga', 85),
(771, 'Sabanas de San Angel (SAN ANGEL)', 47),
(772, 'Sabaneta', 5),
(773, 'Saboyá', 15),
(774, 'Sahagún', 23),
(775, 'Saladoblanco', 41),
(776, 'Salamina', 17),
(777, 'Salamina', 47),
(778, 'Salazar', 54),
(779, 'Saldaña', 73),
(780, 'Salento', 63),
(781, 'Salgar', 5),
(782, 'Samacá', 15),
(783, 'Samaniego', 52),
(784, 'Samaná', 17),
(785, 'Sampués', 70),
(786, 'San Agustín', 41),
(787, 'San Alberto', 20),
(788, 'San Andrés', 68),
(789, 'San Andrés Sotavento', 23),
(790, 'San Andrés de Cuerquía', 5),
(791, 'San Antero', 23),
(792, 'San Antonio', 73),
(793, 'San Antonio de Tequendama', 25),
(794, 'San Benito', 68),
(795, 'San Benito Abad', 70),
(796, 'San Bernardo', 25),
(797, 'San Bernardo', 52),
(798, 'San Bernardo del Viento', 23),
(799, 'San Calixto', 54),
(800, 'San Carlos', 5),
(801, 'San Carlos', 23),
(802, 'San Carlos de Guaroa', 50),
(803, 'San Cayetano', 25),
(804, 'San Cayetano', 54),
(805, 'San Cristobal', 13),
(806, 'San Diego', 20),
(807, 'San Eduardo', 15),
(808, 'San Estanislao', 13),
(809, 'San Fernando', 13),
(810, 'San Francisco', 5),
(811, 'San Francisco', 25),
(812, 'San Francisco', 86),
(813, 'San Gíl', 68),
(814, 'San Jacinto', 13),
(815, 'San Jacinto del Cauca', 13),
(816, 'San Jerónimo', 5),
(817, 'San Joaquín', 68),
(818, 'San José', 17),
(819, 'San José de Miranda', 68),
(820, 'San José de Montaña', 5),
(821, 'San José de Pare', 15),
(822, 'San José de Uré', 23),
(823, 'San José del Fragua', 18),
(824, 'San José del Guaviare', 95),
(825, 'San José del Palmar', 27),
(826, 'San Juan de Arama', 50),
(827, 'San Juan de Betulia', 70),
(828, 'San Juan de Nepomuceno', 13),
(829, 'San Juan de Pasto', 52),
(830, 'San Juan de Río Seco', 25),
(831, 'San Juan de Urabá', 5),
(832, 'San Juan del Cesar', 44),
(833, 'San Juanito', 50),
(834, 'San Lorenzo', 52),
(835, 'San Luis', 73),
(836, 'San Luís', 5),
(837, 'San Luís de Gaceno', 15),
(838, 'San Luís de Palenque', 85),
(839, 'San Marcos', 70),
(840, 'San Martín', 20),
(841, 'San Martín', 50),
(842, 'San Martín de Loba', 13),
(843, 'San Mateo', 15),
(844, 'San Miguel', 68),
(845, 'San Miguel', 86),
(846, 'San Miguel de Sema', 15),
(847, 'San Onofre', 70),
(848, 'San Pablo', 13),
(849, 'San Pablo', 52),
(850, 'San Pablo de Borbur', 15),
(851, 'San Pedro', 5),
(852, 'San Pedro', 70),
(853, 'San Pedro', 76),
(854, 'San Pedro de Cartago', 52),
(855, 'San Pedro de Urabá', 5),
(856, 'San Pelayo', 23),
(857, 'San Rafael', 5),
(858, 'San Roque', 5),
(859, 'San Sebastián', 19),
(860, 'San Sebastián de Buenavista', 47),
(861, 'San Vicente', 5),
(862, 'San Vicente del Caguán', 18),
(863, 'San Vicente del Chucurí', 68),
(864, 'San Zenón', 47),
(865, 'Sandoná', 52),
(866, 'Santa Ana', 47),
(867, 'Santa Bárbara', 5),
(868, 'Santa Bárbara', 68),
(869, 'Santa Bárbara (Iscuandé)', 52),
(870, 'Santa Bárbara de Pinto', 47),
(871, 'Santa Catalina', 13),
(872, 'Santa Fé de Antioquia', 5),
(873, 'Santa Genoveva de Docorodó', 27),
(874, 'Santa Helena del Opón', 68),
(875, 'Santa Isabel', 73),
(876, 'Santa Lucía', 8),
(877, 'Santa Marta', 47),
(878, 'Santa María', 15),
(879, 'Santa María', 41),
(880, 'Santa Rosa', 13),
(881, 'Santa Rosa', 19),
(882, 'Santa Rosa de Cabal', 66),
(883, 'Santa Rosa de Osos', 5),
(884, 'Santa Rosa de Viterbo', 15),
(885, 'Santa Rosa del Sur', 13),
(886, 'Santa Rosalía', 99),
(887, 'Santa Sofía', 15),
(888, 'Santana', 15),
(889, 'Santander de Quilichao', 19),
(890, 'Santiago', 54),
(891, 'Santiago', 86),
(892, 'Santo Domingo', 5),
(893, 'Santo Tomás', 8),
(894, 'Santuario', 5),
(895, 'Santuario', 66),
(896, 'Sapuyes', 52),
(897, 'Saravena', 81),
(898, 'Sardinata', 54),
(899, 'Sasaima', 25),
(900, 'Sativanorte', 15),
(901, 'Sativasur', 15),
(902, 'Segovia', 5),
(903, 'Sesquilé', 25),
(904, 'Sevilla', 76),
(905, 'Siachoque', 15),
(906, 'Sibaté', 25),
(907, 'Sibundoy', 86),
(908, 'Silos', 54),
(909, 'Silvania', 25),
(910, 'Silvia', 19),
(911, 'Simacota', 68),
(912, 'Simijaca', 25),
(913, 'Simití', 13),
(914, 'Sincelejo', 70),
(915, 'Sincé', 70),
(916, 'Sipí', 27),
(917, 'Sitionuevo', 47),
(918, 'Soacha', 25),
(919, 'Soatá', 15),
(920, 'Socha', 15),
(921, 'Socorro', 68),
(922, 'Socotá', 15),
(923, 'Sogamoso', 15),
(924, 'Solano', 18),
(925, 'Soledad', 8),
(926, 'Solita', 18),
(927, 'Somondoco', 15),
(928, 'Sonsón', 5),
(929, 'Sopetrán', 5),
(930, 'Soplaviento', 13),
(931, 'Sopó', 25),
(932, 'Sora', 15),
(933, 'Soracá', 15),
(934, 'Sotaquirá', 15),
(935, 'Sotara (Paispamba)', 19),
(936, 'Sotomayor (Los Andes)', 52),
(937, 'Suaita', 68),
(938, 'Suan', 8),
(939, 'Suaza', 41),
(940, 'Subachoque', 25),
(941, 'Sucre', 19),
(942, 'Sucre', 68),
(943, 'Sucre', 70),
(944, 'Suesca', 25),
(945, 'Supatá', 25),
(946, 'Supía', 17),
(947, 'Suratá', 68),
(948, 'Susa', 25),
(949, 'Susacón', 15),
(950, 'Sutamarchán', 15),
(951, 'Sutatausa', 25),
(952, 'Sutatenza', 15),
(953, 'Suárez', 19),
(954, 'Suárez', 73),
(955, 'Sácama', 85),
(956, 'Sáchica', 15),
(957, 'Tabio', 25),
(958, 'Tadó', 27),
(959, 'Talaigua Nuevo', 13),
(960, 'Tamalameque', 20),
(961, 'Tame', 81),
(962, 'Taminango', 52),
(963, 'Tangua', 52),
(964, 'Taraira', 97),
(965, 'Tarazá', 5),
(966, 'Tarqui', 41),
(967, 'Tarso', 5),
(968, 'Tasco', 15),
(969, 'Tauramena', 85),
(970, 'Tausa', 25),
(971, 'Tello', 41),
(972, 'Tena', 25),
(973, 'Tenerife', 47),
(974, 'Tenjo', 25),
(975, 'Tenza', 15),
(976, 'Teorama', 54),
(977, 'Teruel', 41),
(978, 'Tesalia', 41),
(979, 'Tibacuy', 25),
(980, 'Tibaná', 15),
(981, 'Tibasosa', 15),
(982, 'Tibirita', 25),
(983, 'Tibú', 54),
(984, 'Tierralta', 23),
(985, 'Timaná', 41),
(986, 'Timbiquí', 19),
(987, 'Timbío', 19),
(988, 'Tinjacá', 15),
(989, 'Tipacoque', 15),
(990, 'Tiquisio (Puerto Rico)', 13),
(991, 'Titiribí', 5),
(992, 'Toca', 15),
(993, 'Tocaima', 25),
(994, 'Tocancipá', 25),
(995, 'Toguí', 15),
(996, 'Toledo', 5),
(997, 'Toledo', 54),
(998, 'Tolú', 70),
(999, 'Tolú Viejo', 70),
(1000, 'Tona', 68),
(1001, 'Topagá', 15),
(1002, 'Topaipí', 25),
(1003, 'Toribío', 19),
(1004, 'Toro', 76),
(1005, 'Tota', 15),
(1006, 'Totoró', 19),
(1007, 'Trinidad', 85),
(1008, 'Trujillo', 76),
(1009, 'Tubará', 8),
(1010, 'Tuchín', 23),
(1011, 'Tulúa', 76),
(1012, 'Tumaco', 52),
(1013, 'Tunja', 15),
(1014, 'Tunungua', 15),
(1015, 'Turbaco', 13),
(1016, 'Turbaná', 13),
(1017, 'Turbo', 5),
(1018, 'Turmequé', 15),
(1019, 'Tuta', 15),
(1020, 'Tutasá', 15),
(1021, 'Támara', 85),
(1022, 'Támesis', 5),
(1023, 'Túquerres', 52),
(1024, 'Ubalá', 25),
(1025, 'Ubaque', 25),
(1026, 'Ubaté', 25),
(1027, 'Ulloa', 76),
(1028, 'Une', 25),
(1029, 'Unguía', 27),
(1030, 'Unión Panamericana (ÁNIMAS)', 27),
(1031, 'Uramita', 5),
(1032, 'Uribe', 50),
(1033, 'Uribia', 44),
(1034, 'Urrao', 5),
(1035, 'Urumita', 44),
(1036, 'Usiacuri', 8),
(1037, 'Valdivia', 5),
(1038, 'Valencia', 23),
(1039, 'Valle de San José', 68),
(1040, 'Valle de San Juan', 73),
(1041, 'Valle del Guamuez', 86),
(1042, 'Valledupar', 20),
(1043, 'Valparaiso', 5),
(1044, 'Valparaiso', 18),
(1045, 'Vegachí', 5),
(1046, 'Venadillo', 73),
(1047, 'Venecia', 5),
(1048, 'Venecia (Ospina Pérez)', 25),
(1049, 'Ventaquemada', 15),
(1050, 'Vergara', 25),
(1051, 'Versalles', 76),
(1052, 'Vetas', 68),
(1053, 'Viani', 25),
(1054, 'Vigía del Fuerte', 5),
(1055, 'Vijes', 76),
(1056, 'Villa Caro', 54),
(1057, 'Villa Rica', 19),
(1058, 'Villa de Leiva', 15),
(1059, 'Villa del Rosario', 54),
(1060, 'Villagarzón', 86),
(1061, 'Villagómez', 25),
(1062, 'Villahermosa', 73),
(1063, 'Villamaría', 17),
(1064, 'Villanueva', 13),
(1065, 'Villanueva', 44),
(1066, 'Villanueva', 68),
(1067, 'Villanueva', 85),
(1068, 'Villapinzón', 25),
(1069, 'Villarrica', 73),
(1070, 'Villavicencio', 50),
(1071, 'Villavieja', 41),
(1072, 'Villeta', 25),
(1073, 'Viotá', 25),
(1074, 'Viracachá', 15),
(1075, 'Vista Hermosa', 50),
(1076, 'Viterbo', 17),
(1077, 'Vélez', 68),
(1078, 'Yacopí', 25),
(1079, 'Yacuanquer', 52),
(1080, 'Yaguará', 41),
(1081, 'Yalí', 5),
(1082, 'Yarumal', 5),
(1083, 'Yolombó', 5),
(1084, 'Yondó (Casabe)', 5),
(1085, 'Yopal', 85),
(1086, 'Yotoco', 76),
(1087, 'Yumbo', 76),
(1088, 'Zambrano', 13),
(1089, 'Zapatoca', 68),
(1090, 'Zapayán (PUNTA DE PIEDRAS)', 47),
(1091, 'Zaragoza', 5),
(1092, 'Zarzal', 76),
(1093, 'Zetaquirá', 15),
(1094, 'Zipacón', 25),
(1095, 'Zipaquirá', 25),
(1096, 'Zona Bananera (PRADO - SEVILLA)', 47),
(1097, 'Ábrego', 54),
(1098, 'Íquira', 41),
(1099, 'Úmbita', 15),
(1100, 'Útica', 25);

-- --------------------------------------------------------

--
-- Estructura de tabla para la tabla `tblpermisos`
--

CREATE TABLE `tblpermisos` (
  `idpermiso` int(10) NOT NULL,
  `permiso` varchar(30) NOT NULL
) ENGINE=InnoDB DEFAULT CHARSET=utf8;

--
-- Volcado de datos para la tabla `tblpermisos`
--

INSERT INTO `tblpermisos` (`idpermiso`, `permiso`) VALUES
(1, 'Administrador'),
(4, 'Compras');

-- --------------------------------------------------------

--
-- Estructura de tabla para la tabla `tblproveedores`
--

CREATE TABLE `tblproveedores` (
  `nitproveedor` varchar(17) CHARACTER SET utf8 COLLATE utf8_spanish2_ci NOT NULL,
  `idtipodocumento` int(2) NOT NULL,
  `nombreproveedor` varchar(50) NOT NULL,
  `contactoproveedor` varchar(50) NOT NULL,
  `direccionproveedor` varchar(30) NOT NULL,
  `idmunicipio` int(6) NOT NULL,
  `telefonoproveedor` varchar(10) NOT NULL,
  `correo` varchar(30) DEFAULT NULL,
  `tipoproveedor` int(1) NOT NULL,
  `tiposervicio` int(1) NOT NULL,
  `tipodocumentocompra` int(1) NOT NULL,
  `fechaingreso` date NOT NULL,
  `contrato` tinyint(1) NOT NULL DEFAULT '0',
  `descripcionbienservicio` longtext NOT NULL
) ENGINE=InnoDB DEFAULT CHARSET=utf8;

--
-- Volcado de datos para la tabla `tblproveedores`
--

INSERT INTO `tblproveedores` (`nitproveedor`, `idtipodocumento`, `nombreproveedor`, `contactoproveedor`, `direccionproveedor`, `idmunicipio`, `telefonoproveedor`, `correo`, `tipoproveedor`, `tiposervicio`, `tipodocumentocompra`, `fechaingreso`, `contrato`, `descripcionbienservicio`) VALUES
('10228967-3', 5, 'Centro de Repuestos', 'Orlando Castaño ', 'Cra 100 No 92 - 09', 45, '8280186', 'jocentrorepuesto@hotmail.com', 0, 0, 1, '0001-01-01', 1, 'Tornillería y repuestos para maquinaria y equipos\r\n'),
('1027943644-9', 5, 'parqueadero auto estarte ', 'hugo betancur ', 'calle 93 cr 97 95a 72', 45, '3128883665', '', 0, 1, 1, '0001-01-01', 1, 'hugo betancur \r\n'),
('1072647308-3', 5, 'Almacen y todo terreno ', 'Fauner sierra Velazques', 'Calle 96 No 99 - 23', 45, '8284388', '', 0, 2, 0, '0001-01-01', 1, 'Venta y mantenimiento de Bicicletas \r\n'),
('1128451769-5', 5, 'distechnology ', 'cindy jaramillo ', 'calle 44# 79-12', 547, '3148868244', 'clarenabedoya@gmail.com', 0, 0, 0, '0001-01-01', 1, 'suministro de partes y equipos de computo , cámaras fotográficas '),
('12722970-1', 5, 'Jose Luis Aldana', 'Jose Luis Aldana', 'Calle 101 No 97 - 10', 45, '8284915-32', 'josealdana45@yahoo.es', 0, 1, 0, '0001-01-01', 1, 'Pruebas de laboratorio y ensayos\r\n'),
('19082051-6', 5, 'Cerrajeria Garcia', 'Dario Ramirez', 'Barrio Ortiz', 45, '3117622819', '', 0, 0, 1, '0001-01-01', 1, 'Venta de herrajes \r\n'),
('26286377', 3, 'Aseguradora Aleida  Bohorquez', 'Aleida Bohorquez Vasquez', 'Cra 99 No 96 - 35', 45, '8283157-31', 'asistente@segurosaleida.com', 0, 1, 1, '0001-01-01', 1, 'Polizas\r\n'),
('32420179', 3, 'Lucia Ines Munera ', 'Luz Coralia  Hayduk', 'Calle 95 No 102-36', 190, '3206756939', 'luzcoha@hotmail.com', 2, 1, 1, '0001-01-01', 1, 'Transporte de material de playa - volqueta\r\n'),
('32446194-1', 5, 'computintas', 'Carmen Emilia Guisao Echavarria', 'calle 100 # 103-17 ', 45, '8281171', 'computintasapartado@hotmail.co', 0, 2, 1, '0001-01-01', 1, 'repuestos de computo \r\n'),
('39298677-1', 5, 'Acerrio panama', 'Arcisclo  Montoya ', 'Calle 99 a No 13 - 57', 190, '8275193', 'juana343@hotmail.com', 0, 0, 1, '0001-01-01', 1, ''),
('39449019-1', 5, 'alexandra rua ', 'alexandra rua ', 'mcp guarne vda bella vista', 547, '5626180', 'alexandrairal78@yahoo.es', 0, 0, 1, '0001-01-01', 0, 'elaboracion e implementacion del programa de getion documental \r\n'),
('400327290-9', 5, 'derco colombia ', 'daniel echeverri  ', 'cra 42 # 46-210 atagui antioqu', 437, '3749213', 'danielvelez@derco.com.co', 0, 0, 0, '2017-07-15', 1, 'mantenimiento de maquina jcb y sus repuestos '),
('40796316', 5, 'Comercial Carepa ', 'Aura Ligia Rios', '', 45, '', '', 0, 0, 1, '0001-01-01', 1, ''),
('43147013-4', 5, 'COMERCIALIZADORA J Y P', 'PLINIO ROMAÑA ', 'CRA 78 # 70 SUR 50', 437, '3147010292', 'plinioj20@hotmail.com', 0, 2, 0, '0001-01-01', 1, 'compra de repuestos y equipos de maquinaria '),
('43283538', 3, 'Aserrio Interdarien', 'Nelsyn luz bonilla', 'Cra 80 No 84 - 07', 165, '8236546', 'nelcyb7@gmail.com', 0, 0, 1, '0001-01-01', 1, 'Compra y venta de madera\r\n'),
('43449492-5', 5, 'Poleas y balineras de Urabá', 'Cindy Paola Ramirez', 'Cra 100 No 92A-23', 45, '8290323', 'polea.cartera@gmail.com', 0, 0, 1, '0001-01-01', 1, 'Ventas de aceites -filtros - correas - mangueras \r\n'),
('43870032-4', 5, 'Andamios y Equipos', 'Cristina Tobon ', 'CRA 80 74 70                  ', 45, '8281478', 'andamiosyequipos@hotmail.es', 0, 1, 1, '0001-01-01', 1, ''),
('6869249-1', 5, 'Impresiones Mercurio', 'Luz mery novoa', '', 45, '8283621', 'litmercurio@hotmail.com', 0, 1, 1, '0001-01-01', 1, 'Litografia\r\n'),
('70135222', 3, 'Gustavo Nelson Henao', 'Gustavo Nelson Henao', '', 45, '3218106329', '', 2, 1, 1, '0001-01-01', 1, 'Transporte de material de playa - volqueta\r\n'),
('70414183-1', 5, 'Ferrotienda ', 'Gullermo Puerta ', 'CALLE 94 No 101- 33', 45, '8282449', 'disferrotienda@hotmail.com', 0, 0, 1, '0001-01-01', 1, 'Ferreteria \r\n'),
('71622057', 3, 'Uniformes ABC', 'heriberto henao ', 'Cra 49 No 48-49 local 201', 45, '3007809728', 'uniformesabc@hotmail.com', 0, 0, 0, '0001-01-01', 1, 'Dotación  del personal\r\n'),
('71745717-8', 5, 'tecnology espres(computintas)', 'yesika cardona ', 'calle 100 # 103-17', 45, '8286218', 'computintasapartado@hotmail.co', 0, 2, 1, '0001-01-01', 1, 'suministro de equipos computo y servicio de mantenimiento de computo'),
('72176157-5', 5, 'Aserrio e.c', 'Nancy Durango y/o Edwin castaño', 'CL 103 AV ALFONSO LOPEZ       ', 45, '8262520', '', 0, 0, 1, '0001-01-01', 1, 'Compra madera \r\n'),
('79205141-9', 5, 'biometry and segurity', 'rodolfo palacios ', 'cra 40# 48-50', 239, '3226132171', 'r.biometric@gmail.com', 0, 0, 0, '2001-01-01', 1, 'ventas de reloj biometricos faciales de asistencia '),
('800006900-3', 5, 'pinzuar limitada ', 'aura quintero ', 'cra 108 # 18-31 ', 547, '7454555', 'comercial1@pinzuar.com.co', 0, 0, 0, '0001-01-01', 1, 'equipos e instrumentos para medicion de laboratorio \r\n'),
('800007359', 5, 'almacenes hj', 'no tiene ', 'cra 50 calle 43 # 42-108', 547, '2327271', 'almaceneshj@une.net.co', 0, 0, 2, '0001-01-01', 1, 'herramientas y equipos menores ( pulidoras )'),
('800020706 - 9', 5, 'Nalsanis s.a.', 'Katty Saldarriaga ', 'Cra 43A No 20c - 55', 547, '311 459513', 'Katty.Saldarriaga@totto.com', 0, 0, 0, '0001-01-01', 1, 'Confecciones ( Bolsos ) \r\n'),
('800051319', 5, 'energia y potencia (metrocampo)', 'no tiene ', 'cra 45 a 60 a 100', 437, '3786100', 'info@energiaypotencia.com', 0, 0, 2, '0001-01-01', 1, 'suministro de plantas electricas y equipos menores'),
('80012898-1', 5, 'Guantes Grimax', 'Adriana Vendaño', 'Calle 79b sur No 50 - 150', 547, '4441879 ', 'guantesguimarsas@gmail.com', 0, 0, 0, '0001-01-01', 1, 'Elementos de protección personal\r\n'),
('800143508-5', 5, 'Servicientro Proxxon Apartado, Turbo y Chigorodo', 'Digna Gulfo', 'Cra 100 No 90 - 40', 45, '8285218, 8', 'digna.gulfo@proxxon.co', 0, 0, 1, '0001-01-01', 1, ''),
('800170737', 3, 'internacional ferretera sas ', 'jhon fredy ospina ', 'cra 50 # 39-50', 547, '3841040', 'asesor09@interfer.com.co', 0, 0, 0, '0001-01-01', 1, 'suministros de ferreteria \r\n'),
('800190665-3', 5, 'Comercializadora S y E', 'Luisa Fernández  Yepes ', 'Cra 49 No 125 sur  - 181', 547, '444 22 75 ', 'luisa.yepes@sye.com.co', 0, 0, 0, '0001-01-01', 1, 'Señalización\r\n'),
('800211497-4', 5, 'Agrobosque S.A.S', 'Jhon fredy montoya ', 'AV. LAS MARGARITAS No.99-49   ', 45, '8281188', 'agrobosque@hotmail.com', 2, 2, 1, '0001-01-01', 1, 'Repuesto Motobomba - Maquinaria agroforestal y minera e industrial\r\n'),
('800226360-1', 5, 'Acuatubos ', 'Jairo Sánchez ', 'Cra 49a No 48 sur 100', 547, '3332828', 'acuant@une.net.co', 0, 0, 0, '0001-01-01', 1, 'Medidores -contadores\r\n'),
('800242106-2', 5, 'sodimac colombia sa (honcenter )', 'no tiene ', 'calle 44 # 65-100', 547, '4936661', 'sodimac@honcenter.com.co', 0, 0, 2, '0001-01-01', 0, 'todo tipo de suministro de equipos menores  ( pulidoa )'),
('811003207 - 7', 5, 'Luis Ernesto Monsalve ', 'Luis Ernesto Monsalve ', 'Clle 103 No 99 a - 25', 45, '8281707', 'pozosdeldarien@hotmail.com', 2, 1, 1, '0001-01-01', 0, ''),
('811033005-0', 5, 'acuametro sa ', 'alfonso carmona ', 'cra 52 9 b sur 45 brr guayabal', 547, '2555500', 'acarmona@acuametro.co', 0, 0, 0, '0001-01-01', 1, 'accesorios de tuberia \r\n'),
('811043522-1', 5, 'Pavimentos de Uraba s.a.', 'MARIA NOIRA SEPULVEDA PATIÑO', 'Vereda riper km 3 ', 190, '8245781', 'pavimentosdeuraba@hotmail.com', 0, 0, 0, '0001-01-01', 1, 'Material de playa\r\n'),
('811046565-1', 5, 'grupo empresarial agregados ', 'andrea cordoba ', 'cra 100 77# 272 barrio el recr', 45, '8280345', 'agregadosfn@hotmail.com', 0, 0, 1, '0000-00-00', 1, 'Material de playa\r\n'),
('811046990-7', 5, 'Dotaciones DMS', 'Lina Marcel Noreña ', 'Calle 30 No 80-34', 547, '4480822', 'ventas12@dotacionesdms.com', 0, 0, 0, '0001-01-01', 1, 'Dotación  del personal\r\n'),
('8189122-1', 5, 'Casa color ', 'Benjamin  Ramos Perez ', 'CRA. 100 No. 91-50            ', 45, '8280400', 'pinturascasacolor@hotmail.com', 0, 0, 1, '0001-01-01', 1, 'Pinturas y ferreteria \r\n'),
('8290745-0', 5, 'electro uraba', 'luis carlos ', 'calle 92 # 101-05', 45, '8280337', 'electrouraba@hotmail.com', 0, 0, 1, '2017-12-06', 1, 'suministro de repuestos electrónicos  '),
('830004993-8', 5, 'casa toro sa', 'carlos alberto quiñones ', 'cra 72# 170-97', 547, '7460010', 'carlos.quinonez@casatoro.com', 0, 0, 0, '0001-01-01', 1, 'repuestos de maquina jhondeere \r\n'),
('83001814', 5, 'maquitecno sa', 'no tiene ', 'calle 30 41-30', 437, '4485878', 'maquitec@gmail.com', 0, 0, 2, '0001-01-01', 1, 'compra de maquinaria '),
('830023458-1', 5, 'Metacol', 'Maria Eugenia ', 'Cra 52 No 29D - 29 ', 547, '4486402 - ', 'mvalencia@metacol.com', 0, 0, 1, '0001-01-01', 1, 'Bridas \r\n'),
('830065609-5', 5, 'maquinia o chanene ', 'no tiene ', 'Cra.48 No.16-45 AV. Los Indust', 547, '2665311', 'wcastrillon@chanemecomercial.c', 0, 0, 2, '0001-01-01', 1, 'equipos de construcción  y repuestos '),
('830074789-0', 5, 'Ingeotop', '', 'Cra 76a No 45c - 39', 547, '4135011 - ', 'info@ingeotop.com', 0, 0, 0, '0001-01-01', 1, 'Calibración de equipo topográfico\r\n'),
('830506672-3', 5, 'wartertech lassa sas ', 'luz adriana ', 'medellin ', 547, '3185171996', '', 0, 0, 0, '0001-01-01', 1, 'compra de medidores \r\n'),
('8336093', 5, 'Compuraba e.u', 'Essau Carvajal Urrea', 'Cra 106a No 94 - 53', 45, '8288050', 'compuraba@gamil.com', 0, 1, 1, '0001-01-01', 1, 'Mantenimiento de equipos de computo\r\n'),
('8424646', 3, 'Ricardo Trejos', 'Jesus Antonio Cortés Gaviria', 'Cra 108 No 96-35', 45, '3148899858', '', 2, 1, 1, '0001-01-01', 1, 'Transporte de material de playa - volqueta\r\n'),
('8437773-0', 5, 'Aserrio Moncada ', 'Edinson Moncada', 'CALLE 95 No. 96B37 B LINARES ', 190, '8259329', 'robinsonmoncada@hotmail.com', 0, 0, 1, '0001-01-01', 1, 'Compra de madera\r\n'),
('860002576-1', 5, 'gecolsa ', 'no tiene ', 'cra 48 sur 56', 772, '4485200', 'gecolsa@gecolsa.com.co', 0, 0, 2, '0001-01-01', 1, 'compra de maquinaria (retro- cargadora )'),
('860005050-1', 5, 'Mexichem Colombia ', 'LUZ ESTELLA OSORIO - Marisol ', 'Autopista Sur 71 - 76 ', 107, '3256660 ', 'losorio@pavco.com.co', 0, 0, 0, '0001-01-01', 1, 'accesorios - tuberia '),
('860047657-1', 5, 'praco didacol sas ', 'ivan dario zapata ', 'AVENIDA LAS VEGAS  CRA 98 # 29', 547, '2040200', 'idzapata@didacol.com', 0, 0, 0, '0001-01-01', 1, 'REPUESTOS CARRO IAQ 509\r\n'),
('890100251-0', 5, 'cemento argos ', 'jorge mario yepez', 'via cuarenta las flores barran', 88, '3104060509', 'jyepesr@argos.com.co', 0, 0, 1, '0001-01-01', 1, 'cemento\r\n'),
('890900608', 5, 'Almacenes Exito S.A.', 'Sin dato', 'CARRERA 100  103 101          ', 45, '8290011', 'etica@grupo-exito.com', 0, 0, 2, '0001-01-01', 1, 'COMPRAS REALIZADAS POR EL INGENIERO RODRIGO LENIS '),
('890900608-9', 5, 'almacenes exito', 'ninguno', 'cra 48 # 32 b sur - 139 medell', 547, '3396011', 'contactenos@exito.com.co', 0, 0, 1, '0001-01-01', 1, ''),
('890903024', 3, 'Navitrans', 'herna hernando avila ', 'CALLE 7 N° 108-200 LOS GARZONE', 547, '7915520-30', 'hhernandeza@navitrans.com.co', 0, 0, 0, '0001-01-01', 1, 'Mantenimiento   retrocargador, suministro de respuestos para retrocargador\r\n'),
('8909122995-6', 5, 'grupo roldan sas (ferreteria la amistad )', 'yahir wilkin ', 'cra 50 # 42-107', 165, '3220084', 'linacano@gruporoldan.com.co', 0, 0, 0, '0001-01-01', 1, 'suministros de ferreteria \r\n'),
('890927158-3', 5, 'trocar ltda', 'no tiene ', 'cra 52 # 11-20', 547, '3529012', 'www.trocar@com.co', 0, 0, 2, '0001-01-01', 1, 'compra de vehículos de la empresa estas compras las realiza el ingeniero rodrigo lenis '),
('890931459-0', 5, 'fecon sas', 'ninguno ', 'avenida 10 diagonal 52-80 parq', 91, '4489044', '', 0, 0, 2, '0001-01-01', 1, 'repuestos de concreta-dora el ingeniero compra directamente '),
('890932389-8', 5, 'Ferrasa', '', '', 547, '4447799', '', 0, 0, 1, '0001-01-01', 1, ''),
('890932739-2', 5, 'A.m.c', 'Mirley Vallejo ', 'CRA48 No 85-31                ', 45, '8281804', 'uraba@equiposamc.com', 0, 1, 1, '0001-01-01', 1, ''),
('890935922-8', 5, 'doblamos sa ', 'yesid hernandez ', 'cra 52 # 3948', 547, '2323574-31', 'y.hernandez@doblamos.com', 0, 0, 1, '0001-01-01', 1, 'repuestos de ferreteria (platinas ) \r\n'),
('890941901', 5, 'Ilimitada s.a', '', '', 45, '3136448', '', 0, 2, 1, '0001-01-01', 1, ''),
('900016213-7', 5, 'polypro sas', 'enrrique salgado ', 'cra 74 # 25d-26', 107, '2954000', 'comercial2@polypro.com.co', 0, 0, 0, '0000-00-00', 1, 'planchas calefactoras  equipo termofucion '),
('900151312-5', 5, 'autoasia limitada', 'francisco  o camilo ', 'cra 46 calle 39-18', 547, '2629864-26', 'autoassia@hotmail.com', 0, 0, 0, '0001-01-01', 1, 'repuestos carros jmc \r\n'),
('900188755-4', 5, 'consumax de uraba ', 'adriana contadora ', 'calle 97 # 96-61', 165, '8261335-82', 'admconsumax@carepa.com', 0, 0, 1, '0001-01-01', 1, 'sumisnitro de hidratacion \r\n'),
('900198486-0', 5, 'Creaciones  Y distribuciones lubemar ', 'Lucy Valencia Gonzalez ', 'Calle 71 No 68 - 32 ', 165, '8237500', '', 0, 0, 0, '0001-01-01', 1, 'Dotacion ( Uniformes ) \r\n'),
('900241148-1', 5, 'Prefauraba', 'Cristina Narvaez', 'Km 4 via', 45, '8290677', 'info@prefauraba.com', 0, 0, 1, '0001-01-01', 1, ''),
('900268808-1', 5, 'Labsuelos', 'Mario Montenegro', 'Calle 91 No 95a - 62 Barrio Ma', 45, '8283650 - ', 'labsueloltda@yahoo.es', 0, 1, 0, '0001-01-01', 1, 'Pruebas de laboratorio y ensayos\r\n'),
('900354553 - 5', 5, 'Isein s.a.s.', 'Ana Maria  Quiceno', 'Cra 52 No 7 - 57', 547, '4445694', 'ventas02@iseinsas.com', 0, 2, 0, '0001-01-01', 1, 'Insumos  de seguridad industrial \r\n'),
('900357790-8', 5, 'Surtirepuesto ', 'Diego Cuervo', 'CRA. 100 No.91-38             ', 45, '8284743', 'surtirepuestosbyo@hotmail.com', 0, 0, 1, '0001-01-01', 1, 'Repuesto para vehiculo \r\n'),
('900400081-1', 5, 'fisas y sipas sas', '', '', 45, '', '', 0, 0, 0, '0001-01-01', 1, ''),
('900440898-9', 5, 'Ferromaster', 'Fredy Restrepo Velez ', 'Calle 77 No 73 - 101', 1017, '8238518', 'ferromastercarepa@hotmail.com', 0, 0, 1, '0001-01-01', 1, 'Ferreteria \r\n'),
('900456739-6', 5, 'hilti colombia sas ', 'viviana roa palacios ', 'cra 16a # 78-55 p2', 107, '5190001-31', 'serviciotecnico.co@hilti.com', 0, 0, 0, '0001-01-01', 1, 'servicio tenico \r\n'),
('900488078-3', 5, 'Ferkatio', 'elkin londoño', 'Cra 100 No 92a-03', 45, '8280513', 'liliana.usuga@ferkatio.com', 0, 0, 0, '0001-01-01', 1, 'Elementos de protección personal\r\n'),
('9005355078', 5, 'el punto de la impresora ', 'jhon pineda ', 'cra 48# 10-45', 547, '4037317', 'ventasandres@elpuntodelaimpres', 0, 0, 0, '0001-01-01', 1, 'venta de memorias, impresoras discos duros o teras '),
('900559993-3', 5, 'Equipos contra incendios el bombero S.A.S', 'Rodrigo Ruiz', 'Clle 94 Cra 99 - 11', 45, '8280417', 'extinbombero@hotmail.com', 0, 2, 1, '0001-01-01', 1, ''),
('900637210-1', 5, 'hvac comercial sas ', 'alvis torreglosa ', 'calle 27 # 79-102', 1017, '8260239', 'zlatan920522@hotmail.com', 0, 1, 1, '0001-01-01', 1, 'mantenimiento de aires \r\n'),
('900795458-5', 5, 'Toro y Asociados S.A.S.', 'Nicolas Toro', '', 45, '', '', 0, 0, 1, '0001-01-01', 1, ''),
('900825557-6', 5, 'siguitel sas ', '', 'calle 98 103 111 lc 211', 45, '3013515959', '', 0, 1, 1, '0001-01-01', 0, 'jps retroescavadora \r\n'),
('900830284-0', 5, 'Multiservicios diesel correa s.a.s', 'Jose Arielso Correa Mora', 'Clle 87 No 105 - 20', 45, '3113985562', 'mservicioscorrea@gmail.com', 2, 1, 1, '0001-01-01', 1, 'Mantenimiento y reparación maquinaria pesada\r\n'),
('901082430-3', 5, 'poleas y suministros industriales  sas ', 'lina casarubia ', 'calle 98 # 98-16', 45, '8280800', 'suministros.venta1@gmail.com', 0, 0, 0, '0001-01-01', 1, 'suministros.venta1@gmail.com\r\n'),
('92533705-6', 5, 'tornimuelles uraba ', 'hugo carmona ', 'cra 100 # 92-04 ', 45, '8266680', '', 0, 0, 1, '0001-01-01', 1, 'tornillos y ferreteria \r\n'),
('98542227', 3, 'Cesar Atehortua', 'Cesar Atehortua', 'Cra 100 No 91  - 22 ', 45, '3113073859', 'multilubricantesyfiltro@hotmai', 2, 1, 0, '0001-01-01', 1, 'Servicio de Camabaja\r\n'),
('98549621', 3, 'Jorge Atehortua ', 'Jorge Atehortua ', 'Calle 102 No 115 - 27', 45, '3146187606', 'caraseo@gmail.com', 2, 1, 1, '0001-01-01', 0, 'Transporte de material de playa\r\n'),
('986131116-3', 5, 'taller servi rally ', 'jeferzon cuadrado ', 'cra 103 92-86a 303 ', 45, '3106012695', '', 0, 1, 1, '0001-01-01', 1, 'Calibración de equipo topográfico\r\n'),
('98665677-6', 5, 'Andres Felipe Cuervo', 'Andrés cuervo', '', 547, '2546080 - ', 'afcdiseno@gmail.com', 0, 1, 0, '0001-01-01', 1, 'Publicidad\r\n'),
('9921124-1', 5, 'juan fernando murillo ', 'juan fernando ', 'calle 103# 100-17', 45, '3127324109', 'juan.mu@gmail.com', 0, 2, 1, '0001-01-01', 0, 'mantenimiento de equipos menores '),
('9922226', 3, 'Jorge Ivan Cardona ', 'Jorge Ivan Cardona ', 'Barrio Manzanares', 45, '3108302008', 'jortrabajosucio@hotmail.com', 2, 1, 1, '0001-01-01', 1, 'Alquiler de Maquinaria pesada\r\n');

-- --------------------------------------------------------

--
-- Estructura de tabla para la tabla `tbltipoanexos`
--

CREATE TABLE `tbltipoanexos` (
  `idtipoanexo` int(3) NOT NULL,
  `tipoanexo` varchar(60) COLLATE utf8_unicode_ci NOT NULL
) ENGINE=InnoDB DEFAULT CHARSET=utf8 COLLATE=utf8_unicode_ci;

-- --------------------------------------------------------

--
-- Estructura de tabla para la tabla `tbltipodocumentos`
--

CREATE TABLE `tbltipodocumentos` (
  `idtipodocumento` int(2) NOT NULL,
  `tipodocumento` varchar(5) NOT NULL,
  `descripciondocumento` varchar(25) NOT NULL
) ENGINE=InnoDB DEFAULT CHARSET=utf8;

--
-- Volcado de datos para la tabla `tbltipodocumentos`
--

INSERT INTO `tbltipodocumentos` (`idtipodocumento`, `tipodocumento`, `descripciondocumento`) VALUES
(1, 'R.C.', 'Registro Civil'),
(2, 'T.I.', 'Tarjeta de Identidad'),
(3, 'C.C.', 'Cedula de Ciudadania'),
(4, 'C.E.', 'Cedula de Extranjeria'),
(5, 'NIT', 'NIT');

-- --------------------------------------------------------

--
-- Estructura de tabla para la tabla `tblusulogin`
--

CREATE TABLE `tblusulogin` (
  `usuario` varchar(60) CHARACTER SET utf8 COLLATE utf8_spanish2_ci NOT NULL,
  `contrasena` varchar(125) DEFAULT NULL,
  `idpermiso` int(10) DEFAULT NULL
) ENGINE=InnoDB DEFAULT CHARSET=utf8;

--
-- Volcado de datos para la tabla `tblusulogin`
--

INSERT INTO `tblusulogin` (`usuario`, `contrasena`, `idpermiso`) VALUES
('auxiliarsistemas.rl@gmail.com', '$2y$10$1rXzWfMgqt0C9ECOJlrQqOp2JiKqyelgjODQpF6SxAUAYK1TPQ1Xq', 1),
('mlenisza@gmail.com', '$2y$10$d7rh9cHS9ulIMd74sxNNv.kN64inXyxAJ3yg4aIlPNfAMc03aJuOy', 1),
('pedidosycompras.rl@gmail.com', '$2y$10$RQcsxhE2N1GtKQid8FXI6eLSuTjstYlznHGmJ54j443pn/2BZnHou', 4);

--
-- Índices para tablas volcadas
--

--
-- Indices de la tabla `tblanexosproveedores`
--
ALTER TABLE `tblanexosproveedores`
  ADD PRIMARY KEY (`nitproveedor`);

--
-- Indices de la tabla `tblcontroldescargaanexos`
--
ALTER TABLE `tblcontroldescargaanexos`
  ADD PRIMARY KEY (`idcontrolentrega`),
  ADD KEY `documentoempleado` (`documentoempleado`),
  ADD KEY `usuario` (`usuario`),
  ADD KEY `idanexo` (`idtipoanexo`),
  ADD KEY `idmedioentrega` (`idmedioentrega`);

--
-- Indices de la tabla `tbldepartamentos`
--
ALTER TABLE `tbldepartamentos`
  ADD PRIMARY KEY (`iddepartamento`);

--
-- Indices de la tabla `tblempleados`
--
ALTER TABLE `tblempleados`
  ADD PRIMARY KEY (`documentoempleado`),
  ADD KEY `tipodocumento` (`idtipodocumento`),
  ADD KEY `municipioresidencia` (`idmunicipioresidencia`),
  ADD KEY `Empresa` (`nitempresa`);

--
-- Indices de la tabla `tblempresas`
--
ALTER TABLE `tblempresas`
  ADD PRIMARY KEY (`nitempresa`);

--
-- Indices de la tabla `tblmediosentrega`
--
ALTER TABLE `tblmediosentrega`
  ADD PRIMARY KEY (`idmedioentrega`);

--
-- Indices de la tabla `tblmunicipios`
--
ALTER TABLE `tblmunicipios`
  ADD PRIMARY KEY (`idmunicipio`),
  ADD KEY `iddepartamento` (`iddepartamento`);

--
-- Indices de la tabla `tblpermisos`
--
ALTER TABLE `tblpermisos`
  ADD PRIMARY KEY (`idpermiso`);

--
-- Indices de la tabla `tblproveedores`
--
ALTER TABLE `tblproveedores`
  ADD PRIMARY KEY (`nitproveedor`),
  ADD KEY `idmunicipio` (`idmunicipio`),
  ADD KEY `tipodocumento` (`idtipodocumento`);

--
-- Indices de la tabla `tbltipoanexos`
--
ALTER TABLE `tbltipoanexos`
  ADD PRIMARY KEY (`idtipoanexo`);

--
-- Indices de la tabla `tbltipodocumentos`
--
ALTER TABLE `tbltipodocumentos`
  ADD PRIMARY KEY (`idtipodocumento`);

--
-- Indices de la tabla `tblusulogin`
--
ALTER TABLE `tblusulogin`
  ADD PRIMARY KEY (`usuario`),
  ADD KEY `Permisos` (`idpermiso`);

--
-- AUTO_INCREMENT de las tablas volcadas
--

--
-- AUTO_INCREMENT de la tabla `tblcontroldescargaanexos`
--
ALTER TABLE `tblcontroldescargaanexos`
  MODIFY `idcontrolentrega` int(10) NOT NULL AUTO_INCREMENT;

--
-- AUTO_INCREMENT de la tabla `tbldepartamentos`
--
ALTER TABLE `tbldepartamentos`
  MODIFY `iddepartamento` int(2) NOT NULL AUTO_INCREMENT, AUTO_INCREMENT=100;

--
-- AUTO_INCREMENT de la tabla `tblmunicipios`
--
ALTER TABLE `tblmunicipios`
  MODIFY `idmunicipio` int(6) NOT NULL AUTO_INCREMENT, AUTO_INCREMENT=1101;

--
-- AUTO_INCREMENT de la tabla `tblpermisos`
--
ALTER TABLE `tblpermisos`
  MODIFY `idpermiso` int(10) NOT NULL AUTO_INCREMENT, AUTO_INCREMENT=5;

--
-- Restricciones para tablas volcadas
--

--
-- Filtros para la tabla `tblanexosproveedores`
--
ALTER TABLE `tblanexosproveedores`
  ADD CONSTRAINT `proveedor` FOREIGN KEY (`nitproveedor`) REFERENCES `tblproveedores` (`nitproveedor`) ON DELETE CASCADE ON UPDATE CASCADE;

--
-- Filtros para la tabla `tblcontroldescargaanexos`
--
ALTER TABLE `tblcontroldescargaanexos`
  ADD CONSTRAINT `medioentrega` FOREIGN KEY (`idmedioentrega`) REFERENCES `tblmediosentrega` (`idmedioentrega`) ON DELETE CASCADE ON UPDATE CASCADE,
  ADD CONSTRAINT `tipoanexos` FOREIGN KEY (`idtipoanexo`) REFERENCES `tbltipoanexos` (`idtipoanexo`) ON DELETE CASCADE ON UPDATE CASCADE,
  ADD CONSTRAINT `usuario` FOREIGN KEY (`usuario`) REFERENCES `tblusulogin` (`usuario`) ON DELETE CASCADE ON UPDATE CASCADE;

--
-- Filtros para la tabla `tblempleados`
--
ALTER TABLE `tblempleados`
  ADD CONSTRAINT `empresa` FOREIGN KEY (`nitempresa`) REFERENCES `tblempresas` (`nitempresa`) ON DELETE CASCADE ON UPDATE CASCADE,
  ADD CONSTRAINT `municipios` FOREIGN KEY (`idmunicipioresidencia`) REFERENCES `tblmunicipios` (`idmunicipio`) ON DELETE CASCADE ON UPDATE CASCADE,
  ADD CONSTRAINT `tipodocumentos` FOREIGN KEY (`idtipodocumento`) REFERENCES `tbltipodocumentos` (`idtipodocumento`) ON DELETE CASCADE ON UPDATE CASCADE;

--
-- Filtros para la tabla `tblproveedores`
--
ALTER TABLE `tblproveedores`
  ADD CONSTRAINT `municipio` FOREIGN KEY (`idmunicipio`) REFERENCES `tblmunicipios` (`idmunicipio`) ON DELETE CASCADE ON UPDATE CASCADE,
  ADD CONSTRAINT `tipodocumento` FOREIGN KEY (`idtipodocumento`) REFERENCES `tbltipodocumentos` (`idtipodocumento`) ON DELETE CASCADE ON UPDATE CASCADE;

--
-- Filtros para la tabla `tblusulogin`
--
ALTER TABLE `tblusulogin`
  ADD CONSTRAINT `Permisos` FOREIGN KEY (`idpermiso`) REFERENCES `tblpermisos` (`idpermiso`) ON DELETE CASCADE ON UPDATE CASCADE;
COMMIT;

/*!40101 SET CHARACTER_SET_CLIENT=@OLD_CHARACTER_SET_CLIENT */;
/*!40101 SET CHARACTER_SET_RESULTS=@OLD_CHARACTER_SET_RESULTS */;
/*!40101 SET COLLATION_CONNECTION=@OLD_COLLATION_CONNECTION */;
